"Symbol","Name"
"US00037LAA89","AB BSL CLO 2 LTD"
"US00037QAJ85","AB BSL CLO 3 LTD"
"US00119BAA17","AGL CLO 29 LTD"
"US001200AJ39","AGL CORE CLO 2 LTD"
"US00120BAA89","AGL CLO 12 LTD"
"US00121GAA67","AGL CORE CLO 15 LTD"
"US00121MAA36","AGL CLO 37 LTD"
"US00122JAA97","AGL CLO 40 LTD"
"US00140NAW02","AIMCO CLO 11 LTD"
"US00173UAS33","AMMC CLO 27 LTD"
"US00177GAY70","AMMC CLO 25 LTD"
"US00177JBW45","AMMC CLO 23 LTD"
"US00791YAA64","AGL CLO 42 LTD"
"US008511AW72","AGL CLO 7 LTD"
"US00851KAK16","AGL CORE CLO 8 LTD"
"US00852QAA94","AGL CORE CLO 38 LTD"
"US00852TAA34","AGL CLO 43 LTD"
"US00889BAE11","AIMCO CLO 15 LTD"
"US00900GAN51","AIMCO CLO SERIES 2018-A"
"US00901AAS69","AIMCO CLO 10 LTD"
"US01749WAL72","ALLEGRO CLO XV LTD"
"US01750WAQ24","ALLEGRO CLO XIII LTD"
"US01751AAQ94","ALLEGRO CLO XIV LTD"
"US03166GAA67","AMMC CLO 31 LTD"
"US03166HAA41","AMMC CLO 28 LTD"
"US03166KAA79","AMMC CLO 32 LTD"
"US032912AA57","ANCHORAGE CAPITAL CLO 31 LTD"
"US03328JAL17","ANCHORAGE CAPITAL CLO 19 LTD"
"US03328QBW06","ANCHORAGE CAPITAL CLO 6 LTD"
"US03328TBS33","ANCHORAGE CAPITAL CLO 7 LTD"
"US03329FAW41","ANCHORAGE CAPITAL CLO 15 LTD"
"US03329WAA53","ANCHORAGE CAPITAL CLO 25 LTD"
"US03330YAJ91","ANCHORAGE CAPITAL CLO 20 LTD"
"US03331GAQ10","ANCHORAGE CAPITAL CLO 24 LTD"
"US03332PAN78","ANCHORAGE CAPITAL CLO 17 LTD"
"US03766HAQ39","APIDOS CLO XXXIX LTD"
"US03767VAG32","APIDOS CLO XXXI"
"US03768WAL90","APIDOS CLO XXXIV"
"US03769HAA59","APIDOS CLO XXXVII"
"US03771EAA82","APIDOS CLO LIII"
"US03771NAA81","APIDOS CLO LII"
"US03771RAA95","APIDOS CLO LIV"
"US04009BAN82","ARES LOAN FUNDING III LTD"
"US04015WBL72","ARES XXXIX CLO LTD"
"US04018NAW11","ARES LVI CLO LTD"
"US04021MAA62","ARES LOAN FUNDING VIII LTD"
"US04039BAA08","ARINI US CLO II LTD"
"US054978AL59","BBAM US CLO I LTD"
"US05683EAW21","BAIN CAPITAL CREDIT CLO 2020-2 LTD"
"US05683HAW51","BAIN CAPITAL CREDIT CLO 2017-2 LTD"
"US05685XAA63","BAIN CAPITAL CREDIT CLO 2024-6 LTD"
"US05874XAL38","BALLYROCK CLO 14 LTD"
"US05874XAQ25","BALLYROCK CLO 14 LTD"
"US05875DAL64","BALLYROCK CLO 2020-2 LTD"
"US05875MBD39","BALLYROCK CLO 2019-2 LTD"
"US05876NAA72","BALLYROCK CLO 26 LTD"
"US05876QAL68","BALLYROCK CLO 25 LTD"
"US06765BAA52","BARINGS CLO LTD 2025-V"
"US07355TAU60","BEECHWOOD PARK CLO LTD"
"US08179DAA72","BENEFIT STREET PARTNERS CLO XXXIII LTD"
"US08179PAQ54","BENEFIT STREET PARTNERS CLO XXVII LTD"
"US08179QAA85","BENEFIT STREET PARTNERS CLO 43 LTD"
"US08180FCG46","BENEFIT STREET PARTNERS CLO IV LTD"
"US08182FAY51","BENEFIT STREET PARTNERS CLO XX LTD"
"US08182TAA79","BENEFIT STREET PARTNERS CLO XXXVII LTD"
"US08183FAA66","BENEFIT STREET PARTNERS CLO XXXVIII LTD"
"US08186AAJ51","BENEFIT STREET PARTNERS CLO XXVI LTD"
"US08186PAU75","BENEFIT STREET PARTNERS CLO XVIII LTD"
"US08186RAN98","BENEFIT STREET PARTNERS CLO XXI LTD"
"US09075JAU34","BIRCH GROVE CLO LTD"
"US09076VAQ41","BIRCH GROVE CLO 3 LTD"
"US09077CAQ50","BIRCH GROVE CLO 4 LTD"
"US09077LAL62","BIRCH GROVE CLO 2 LTD"
"US09077TAA34","BIRCH GROVE CLO 8 LTD"
"US09077WAA62","BIRCH GROVE CLO 9 LTD"
"US09077YAE41","BIRCH GROVE CLO 11 LTD"
"US090976AL55","BIRCH GROVE CLO 5 LTD"
"US09631EAJ64","BLUEMOUNTAIN CLO XXXII LTD"
"US09631RAL24","BLUEMOUNTAIN CLO XXXV LTD"
"US105488AA89","BRANT POINT CLO 2025-7 LTD"
"US107921AA64","BRIDGE STREET CLO LTD"
"US10805YAL56","BRIDGE STREET CLO I LTD"
"US10806PAA75","BRIDGE STREET CLO VI LTD"
"US117650AL59","BRYANT PARK FUNDING 2023-21 LTD"
"US11765CAA36","BRYANT PARK FUNDING 2024-23 LTD"
"US11765EAA91","BRYANT PARK 2025-27 CLO LTD"
"US11766CAA27","BRYANT PARK FUNDING 2024-22 LTD"
"US11766DAA00","BRYANT PARK FUNDING 2024-24 LTD"
"US117913AA14","BRYANT PARK FUNDING 2024-25 LTD"
"US118382BA70","BUCKHORN PARK CLO LTD"
"US12516KAC18","CBAMR 2021-14 LTD"
"US12547DAL01","CIFC FUNDING 2021-IV LTD"
"US12547LAL27","CIFC FUNDING 2020-II LTD"
"US12548RAH75","CIFC FUNDING 2014-II-R LTD"
"US12549QBL86","CIFC FUNDING 2014-III LTD"
"US12550TAY10","CIFC FUNDING 2015-IV LTD"
"US12553SAC89","CIFC FUNDING 2021-VI LTD"
"US12555QAN60","CIFC FUNDING 2020-I LTD"
"US12564DAJ37","CIFC FUNDING 2021-III LTD"
"US12565EAJ01","CIFC FUNDING 2021-V LTD"
"US12570LAA61","CIFC FUNDING 2022-I LTD"
"US12570XAA00","CIFC FUNDING 2024-I LTD"
"US12572VAA26","CIFC FUNDING 2025-I LTD"
"US12575WAA71","CIFC FUNDING 2024-III LTD"
"US12674KAC99","CQS US CLO 2025-4 LTD"
"US13877LAS51","CANYON CAPITAL CLO 2022-2 LTD"
"US13877PAL13","CANYON CLO 2021-4 LTD"
"US143111AL66","CARLYLE US CLO 2022-3 LTD"
"US14315GAW50","CARLYLE US CLO 2020-2 LTD"
"US14317VAQ32","CARLYLE US CLO 2019-4 LTD"
"US14318JAA43","CARLYLE US CLO 2022-1 LTD"
"US146865AJ95","CARVAL CLO I LTD"
"US14686BAN73","CARVAL CLO VII-C LTD"
"US14686NAL55","CARVAL CLO VIII-C LTD"
"US14687MAA09","CARVAL CLO VC LTD"
"US14688HAA05","CARVAL CLO IX-C LTD"
"US14688HAE27","CARVAL CLO IX-C LTD"
"US14688RAA86","CARVAL CLO XI C LTD"
"US146918AA59","CARVAL CLO X-C LTD"
"US149791AP09","CAYUGA PARK CLO LTD"
"US15034AAL98","CEDAR FUNDING XIV CLO LTD"
"US17181NAC83","CIFC FUNDING 2018-I LTD"
"US17181TAJ07","CIFC FUNDING 2018-IV LTD"
"US171935AA72","CIFC FUNDING 2019-VII LTD"
"US18914HAA77","CLOVER CLO 2020-1 LLC"
"US18914KAA07","FORT GREENE PARK CLO LLC"
"US225914AA89","CREEKSOURCE 2024-1 DUNES CREEK CLO LTD"
"US22823RAW97","CROWN CITY CLO I"
"US22846DAJ28","CROWN POINT CLO 9 LTD"
"US25254AAA51","DIAMETER CAPITAL CLO 9 LTD"
"US25255DAL47","DIAMETER CAPITAL CLO 1 LTD"
"US25255JAL17","DIAMETER CAPITAL CLO 3 LTD"
"US25255LAS16","DIAMETER CAPITAL CLO 2 LTD"
"US25255UAA07","DIAMETER CAPITAL CLO 6 LTD"
"US25255WAA62","DIAMETER CAPITAL CLO 7 LTD"
"US25255WAE84","DIAMETER CAPITAL CLO 7 LTD"
"US25256JAA43","DIAMETER CAPITAL CLO 8 LTD"
"US25290BAA98","DIAMETER CAPITAL CLO 10 LTD"
"US26246EAL20","DRYDEN 83 CLO LTD"
"US27830BBY92","EATON VANCE CLO 2013-1 LTD"
"US28623FAJ30","ELEVATION CLO 2013-1 LTD"
"US28623VAN91","ELEVATION CLO 2021-15 LTD"
"US289913AC92","ELMWOOD CLO 29 LTD"
"US290015AW69","ELMWOOD CLO I LTD"
"US29001LAW19","ELMWOOD CLO II LTD"
"US29001YAJ29","ELMWOOD CLO 22 LTD"
"US290020AL08","ELMWOOD CLO 24 LTD"
"US29002GAL59","ELMWOOD CLO IV LTD"
"US29002YAJ10","ELMWOOD CLO XII LTD"
"US29003EAS46","ELMWOOD CLO VIII LTD"
"US29003HAA68","ELMWOOD CLO 31 LTD"
"US29004CAA62","ELMWOOD CLO 26 LTD"
"US29004FAA93","ELMWOOD CLO 40 LTD"
"US29004JAW36","ELMWOOD CLO 19 LTD"
"US33829WAC38","522 FUNDING CLO 2019-5 LTD"
"US33829WAE93","522 FUNDING CLO 2019-5 LTD"
"US33883MAU80","FLATIRON CLO 20 LTD"
"US33883XAA81","FLATIRON CLO 25 LTD"
"US34918RAA86","FORT WASHINGTON CLO 2021-2 LTD"
"US362930AA72","GALAXY 35 CLO LTD"
"US370918AA22","GENERATE CLO 13 LTD"
"US37147LAN91","GENERATE CLO 9 LTD"
"US37147VAL18","GENERATE CLO 12 LTD"
"US37147XAA19","GENERATE CLO 15 LTD"
"US37148EAN40","GENERATE CLO 8 LTD"
"US37149HAL06","GENERATE CLO 11 LTD"
"US37149PAA66","GENERATE CLO 17 LTD"
"US38090AAQ13","GOLDENTREE LOAN MANAGEMENT US CLO 16 LTD"
"US38138JAN37","GOLDENTREE LOAN MANAGEMENT US CLO 9 LTD"
"US38139EAC75","GOLDENTREE LOAN MANAGEMENT US CLO 22 LTD"
"US38178AAL70","GOLUB CAPITAL PARTNERS CLO 41B-R LTD"
"US38180BAA52","GOLUB CAPITAL PARTNERS CLO 76 B LTD"
"US38180QAA22","GOLUB CAPITAL PARTNERS CLO 77 B LTD"
"US38181AAA60","GOLUB CAPITAL PARTNERS CLO 66B LTD"
"US38181DAA00","GOLUB CAPITAL PARTNERS CLO 81 B LTD"
"US38181JAA79","GOLUB CAPITAL PARTNERS CLO 79B LTD"
"US38181NAA81","GOLUB CAPITAL PARTNERS CLO 58B-R LTD"
"US38182AAE73","GOLUB CAPITAL PARTNERS CLO 55B LTD"
"US38190BAA35","GOLUB CAPITAL PARTNERS CLO 74 B LTD"
"US381941AA12","GOLUB CAPITAL PARTNERS CLO 72 B LTD"
"US40257DAA54","RRX 7 LTD"
"US40257DAC11","RRX 7 LTD"
"US406371AA24","HALSEYPOINT CLO 5 LTD"
"US40637LAA89","HALSEYPOINT CLO 4 LTD"
"US40638LAL36","HALSEYPOINT CLO 7 LTD"
"US40638UAS87","HALSEYPOINT CLO 3 LTD"
"US40639GAU31","HALSEYPOINT CLO 6 LTD"
"US413717BC20","HARRIMAN PARK CLO LTD"
"US448982AA68","ICG US CLO 2025-1 LTD"
"US449278AJ94","ICG US CLO 2023-1 I LTD"
"US481952AA73","KKR CLO 50 LTD"
"US48254LAN55","KKR CLO 35 LTD"
"US48257HAA95","KKR CLO 58 LTD"
"US557910AN68","MADISON PARK FUNDING LX LTD"
"US55817BAA08","MADISON PARK FUNDING LVIII LTD"
"US55817EBA38","MADISON PARK FUNDING XXXVII LTD"
"US55819FAQ46","MADISON PARK FUNDING LV LTD"
"US55819JAN37","MADISON PARK FUNDING XXXIII LTD"
"US55821TAL17","MADISON PARK FUNDING XXX LTD"
"US55821UAA25","MADISON PARK FUNDING XLVIII LTD"
"US55821YAA47","MADISON PARK FUNDING LXVII LTD"
"US55822EAJ82","MADISON PARK FUNDING LIX LTD"
"US55822NAA72","MADISON PARK FUNDING LXI LTD"
"US55823RAA77","MADISON PARK FUNDING XL-R LTD"
"US56606CAL72","MARBLE POINT CLO XVII LTD"
"US566076BA22","MARBLE POINT CLO XVIII LTD"
"US56607KAU88","MARBLE POINT CLO XIX LTD"
"US597924AA71","MIDOCEAN CREDIT CLO XXI"
"US59801FAA12","MIDOCEAN CREDIT CLO XV LTD"
"US59803HAA59","MIDOCEAN CREDIT CLO XIX"
"US59803LAA61","MIDOCEAN CREDIT CLO XVIII LLC"
"US59966PAN24","MILFORD PARK CLO LTD"
"US62481WAL19","MP CLO VIII LTD"
"US64090EAA47","NEUBERGER BERMAN LOAN ADVISERS CLO 36R LTD"
"US64130DBS80","NEUBERGER BERMAN CLO XXI LTD"
"US64132TAU79","NEUBERGER BERMAN LOAN ADVISERS CLO 33 LTD"
"US64134JAL70","NEUBERGER BERMAN LOAN ADVISERS CLO 40 LTD"
"US64134MAJ53","NEUBERGER BERMAN LOAN ADVISERS CLO 45 LTD"
"US64134QAL14","NEUBERGER BERMAN LOAN ADVISERS CLO 46 LTD"
"US64135FAN06","NEUBERGER BERMAN LOAN ADVISERS NBLA CLO 52 LTD"
"US64754LAL18","NEW MOUNTAIN CLO 2 LTD"
"US64754WAJ27","NEW MOUNTAIN CLO 5 LTD"
"US647550AQ51","NEW MOUNTAIN CLO 3 LTD"
"US64755GAA58","NEW MOUNTAIN CLO 8 LTD"
"US670859AK32","OCP CLO 2020-20 LTD"
"US67092DBD03","OCP CLO 2015-10 LTD"
"US67097LAV80","OCP CLO 2017-13 LTD"
"US67098DBC65","OHA CREDIT FUNDING 4 LTD"
"US67098UAY10","OHA CREDIT FUNDING 6 LTD"
"US67098WAY75","OHA CREDIT FUNDING 7 LTD"
"US671078AW31","OCP CLO 2020-18 LTD"
"US671080AA74","OCP CLO 2024-33 LTD"
"US67109BDN10","OHA LOAN FUNDING 2015-1 LTD"
"US67109SAA50","OHA CREDIT FUNDING 17 LTD"
"US67110DBQ97","OCP CLO 2016-11 LTD"
"US67110NBB01","OHA CREDIT PARTNERS XIII LTD"
"US67110UBA60","OHA LOAN FUNDING 2016-1 LTD"
"US67112KAG40","OCP CLO 2018-15 LTD"
"US67112RBC79","OHA CREDIT FUNDING 3 LTD"
"US67115CAL81","OCP CLO 2022-25 LTD"
"US67115LAJ35","OHA CREDIT PARTNERS XVI"
"US67117TAN54","OCP CLO 2021-22 LTD"
"US67120KAA79","OCP CLO 2024-38 LTD"
"US67120MAA36","OHA CREDIT PARTNERS XVII LTD"
"US67400EBE32","OAKTREE CLO 2019-3 LTD"
"US67402PAA57","OAKTREE CLO 2024-25 LTD"
"US67515JAN54","OCEAN TRAILS CLO XIV LTD"
"US67570AAA43","OCP CLO 2024-31 LTD"
"US67570UAA07","OCP CLO 2025-44 LTD"
"US67576XAW02","OCTAGON INVESTMENT PARTNERS 47 LTD"
"US67577AAN90","OCTAGON 55 LTD"
"US67577VAL71","OCTAGON INVESTMENT PARTNERS 46 LTD"
"US67577WAP68","OCTAGON 66 LTD"
"US67579EAA73","OCTAGON 75 LTD"
"US67590BAU44","OCTAGON INVESTMENT PARTNERS XVI LTD"
"US67707EBJ29","OHA CREDIT FUNDING 2 LTD"
"US67707KAA88","OHA CREDIT FUNDING 21 LTD"
"US68252PAA49","1988 CLO 5 LTD"
"US69688FAN06","PALMER SQUARE CLO 2021-3 LTD"
"US69689QAL95","PALMER SQUARE CLO 2022-1 LTD"
"US696924AJ80","PALMER SQUARE CLO 2023-4 LTD"
"US69700GAU67","PALMER SQUARE CLO 2019-1 LTD"
"US69701RAY36","PALMER SQUARE CLO 2020-3 LTD"
"US69701RBC07","PALMER SQUARE CLO 2020-3 LTD"
"US69704GAA67","PALMER SQUARE CLO 2025-3 LTD"
"US70018CAQ96","PARK BLUE CLO 2022-II LTD"
"US70019AAN90","PARK BLUE CLO 2023-III LTD"
"US70019CAA36","PARK BLUE CLO 2024-V LTD"
"US70019HAA23","PARK BLUE CLO 2025-VII LTD"
"US70019KAA51","PARK BLUE CLO 2024-VI LTD"
"US70019UAA34","PARK BLUE CLO 2025-IX LTD"
"US720916AA38","PIKES PEAK CLO 18"
"US72132EAA73","PIKES PEAK CLO 16 LTD"
"US72132KAN54","PIKES PEAK CLO 11 LTD"
"US72133LAM46","PIKES PEAK CLO 12 LTD"
"US73742RAA86","POST CLO VI LTD"
"US73743EAA64","POST CLO 2024-1 LTD"
"US74923VAA89","RAD CLO 22 LTD"
"US74936GAA67","RAD CLO 7 LTD"
"US749764AA48","RR 41 LTD"
"US74979VAM54","RR 5 LTD"
"US74980FAQ81","RR 8 LTD"
"US74980FAS48","RR 8 LTD"
"US74980PAA12","RR 14 LTD"
"US74983AAJ25","RR 19 LTD"
"US74988CAA27","RR 32 LTD /OLD"
"US74989NAA72","RR 28 LTD"
"US74989VAA98","RR 29 LTD"
"US749972AA38","RAD CLO 27 LTD"
"US75009NAA00","RAD CLO 9 LTD"
"US75009RAA14","RAD CLO 14 LTD"
"US750103AJ21","RAD CLO 15 LTD"
"US75010KAC99","RAD CLO 6 LTD"
"US758465BL13","REESE PARK CLO LTD"
"US75884AAA88","REGATTA 32 FUNDING LTD"
"US75887NBL29","REGATTA VI FUNDING LTD"
"US75887XAN75","REGATTA XI FUNDING LTD"
"US75888BAQ77","REGATTA XVII FUNDING LTD"
"US75889FAC86","REGATTA XXIII FUNDING LTD"
"US75889HAN08","REGATTA XXIV FUNDING LTD"
"US758962AA23","REGATTA 31 FUNDING LTD"
"US758968AN14","REGATTA XXII FUNDING LTD"
"US758970AA56","REGATTA XXVII FUNDING LTD"
"US758978AL48","REGATTA XXV FUNDING LTD"
"US75901PAA49","REGATTA XXVIII FUNDING LTD"
"US75903UAA16","REGATTA 30 FUNDING LTD"
"US75903YAA38","REGATTA 35 FUNDING LTD"
"US77341XAL73","ROCKFORD TOWER CLO 2022-3 LTD"
"US78110TAQ22","RR 21 LTD"
"US78110VAS34","RR 27 LTD"
"US78662AAA07","SAGARD-HALSEYPOINT CLO 8 LTD"
"US78663BAA70","SAGARD-HALSEYPOINT CLO 10 LTD"
"US799928AA46","SANDSTONE PEAK III LTD"
"US80013TAL70","SANDSTONE PEAK II LTD"
"US81124BAA44","SCULPTOR CLO XXXIV LTD"
"US81124EAQ35","SCULPTOR CLO XXIX LTD"
"US81124LAN47","SCULPTOR CLO XXVIII LTD"
"US81124NAS99","SCULPTOR CLO XXX LTD"
"US81125MAA99","SCULPTOR CLO XXXV LTD"
"US81785AAJ79","720 EAST CLO 2022-I LTD"
"US81785BAA44","720 EAST CLO IV LTD"
"US81785EAL48","720 EAST CLO 2023-I LTD"
"US81785MAA09","720 EAST CLO VIII LTD"
"US82670QAN97","SIGNAL PEAK CLO 9 LTD"
"US82808MAA18","SILVER POINT CLO 6 LTD"
"US82808UAA34","SILVER POINT CLO 7 LTD"
"US82809BAG14","SILVER POINT CLO 5 LTD"
"US82809EAA82","SILVER POINT CLO 4 LTD"
"US82809MAA09","SILVER POINT CLO 12 LTD"
"US83011VAA26","SIXTH STREET CLO XXV LTD"
"US83012QAN43","SIXTH STREET CLO XX LTD"
"US835932AC81","BRANT POINT CLO 2024-4 LTD"
"US87122FAN69","SYCAMORE TREE CLO 2023-3 LTD"
"US87122VAS07","SYCAMORE TREE CLO 2021-1 LTD"
"US87168BAC46","SYMPHONY CLO XXVIII LTD"
"US87169JAL61","SYMPHONY CLO XXXIII LTD"
"US87191BAA98","SYMPHONY LOAN FUNDING CLO 1 LTD"
"US871989AP42","SYMPHONY CLO 40 LTD"
"US872397AC82","TCW CLO 2025-1 LTD"
"US87242BBG41","TCW CLO 2019-2 LTD"
"US87246MAS17","TICP CLO VI 2016-2 LTD"
"US87252VAC72","TCW CLO 2024-3 LTD"
"US88429RAN89","37 CAPITAL CLO 3 LTD"
"US894932AC62","TRESTLES CLO IX LTD"
"US89531FAY34","TRESTLES CLO 2017-1 LTD"
"US89532TAQ94","TRESTLES CLO III LTD"
"US89532WAA71","TRESTLES CLO IV LTD"
"US89532XAC11","TRESTLES CLO VII LTD"
"US895971AA71","TRIMARAN CAVU 2024-1 LTD"
"US895976AE80","TRINITAS CLO XXXIII LTD"
"US89623VAL53","TRIMARAN CAVU 2022-1 LTD"
"US89640BAA26","TRINITAS CLO XXV LTD"
"US89642NAA46","TRINITAS CLO XXXII LTD"
"US89642XAA28","TRINITAS CLO XXIV LTD"
"US89643BAA98","TRINITAS CLO XXIX LTD"
"US89643DAA54","TRINITAS CLO XXX LTD"
"US92918FAF18","VOYA CLO 2019-3 LTD"
"US92919AAN46","VOYA CLO 2021-2 LTD"
"US92920DAA37","VOYA CLO 2024-1 LTD"
"US92920LAN73","VOYA CLO 2022-4 LTD"
"US93655QAA31","WARWICK CAPITAL CLO 4 LTD"
"US93656FAA66","WARWICK CAPITAL CLO 5 LTD"
"US93656JAA88","WARWICK CAPITAL CLO 7 LTD"
"US936919AN99","WARWICK CAPITAL CLO 1 LTD"
"US94860LAL99","WEHLE PARK CLO LTD"
"US949575AA27","WELLINGTON MANAGEMENT CLO 3 LTD"
"US94957JAA25","WELLINGTON MANAGEMENT CLO 1 LTD"
"US96466CAW82","WHITEBOX CLO II LTD"
"US96467FAU49","WHITEBOX CLO I LTD"
"US96467FAY60","WHITEBOX CLO I LTD"
"US96467HAL06","WHITEBOX CLO III LTD"
"US96467PAA66","WHITEBOX CLO V LTD"
"US97718GAA13","WISE CLO 2024-2 LTD"