symbol,name,address,network
"02927HAH1","AMERICAN RESIDENTIAL 1/25 TLB","0x88d6E90153b045909f4007734A29A6C5D6A83ADC","arbitrum-sepolia"
"03328KAE4","ANCHC 2021-19A F","0x17CAcf21f90a17F4c7B3a00A6680eCBd8df8E274","arbitrum-sepolia"
"N8232NAM9","AKZONOBEL SPECIALTY CHEMICAL 10/24 INCREMENTAL TLB","0x3a3C75b53CB0eF4f381597DCF10A1ef063c7886b","arbitrum-sepolia"
"09238FAM3","BLACKHAWK NETWORK 1/25 COV-LITE TLB","0xAB1FD123CC8219bFE631963615e9E0CC5588A5b4","arbitrum-sepolia"
"36154HAC4","AMEX GBT 1/25 COV-LITE TLB","0x6135271824F48D2fAD66fB6039132e318C1c4C17","arbitrum-sepolia"
"18452RAF2","CLEAR CHANNEL 3/24 TLB","0x604A991586a3F2b24a033F9D0702C34c96A8354B","arbitrum-sepolia"
"12555GAC2","CIFC 2019-5A SUB","0xF18cBE8CCc0d9ED1Ad317b3e5D5eB35c12c6f3c7","arbitrum-sepolia"
"31556TAC3","FERTITTA ENT LLC FRTITA 6 3/4 01/15/30","0x3c6192E589012548E68E1d6ff71f5c3f3149806e","arbitrum-sepolia"
"C4000KAG9","GARDA WORLD 1/25 COV-LITE TLB","0x7b980aDdC4B2B6987B933620465a43F09fEE5BFd","arbitrum-sepolia"
"37610GAG3","OVERDRIVE/RBMEDIA 12/23 COV-LITE TL","0xBbBAcF72568032b154B122Bb2DD27a7626322324","arbitrum-sepolia"
"64130YAE4","NEUB 2016-21A SUB","0xfc75344081475c4955Fc53276e4CD33DC536aa9A","arbitrum-sepolia"
"15807EAH5","JOSTENS/CHAMP ACQUISITION 11/24 TLB","0x6E283f7387564cD2245c8AD5b704A5629D177910","arbitrum-sepolia"
"22164MAF4","COTIVITI 2/25 INCREMENTAL COV-LITE TL","0x9c8c3e6A26C4EF46B03599026f7A48216008f11b","arbitrum-sepolia"
"36257SAB8","GFL ENVIRONMENTAL SERVICES 2/25 TLB","0x325D7a3Fe7823e0287b63D9096d1F9f99fcA9F17","arbitrum-sepolia"
"25471NAC0","DISCOVERY PURCHASER CORPORATION TL 1L","0x82BDF133fFF7779D7E2A98e5807e2F3A40312321","arbitrum-sepolia"
"03329CAC5","ANCHC 2019-13A SUB","0x160427077FF95a737d6A8c284B368a615214EE97","arbitrum-sepolia"
"40444KAB1","HAMILTON PROJECTS 5/24 TLB","0x4c2b3f88b4E09D338157366E3f544b53a7135D32","arbitrum-sepolia"
"56085RAA8","MAJORDRIVE HOLDI CLUCAR 6 3/8 06/01/29","0x74e60dc22cca65E9B14C193aFb0c887203c1398e","arbitrum-sepolia"
"12567KAC9","CIFC 2021-7A SUB","0x62cf5220504C95f3F11656c50839a226B95569FA","arbitrum-sepolia"
"03167DAQ7","HILTON HOTELS 11/23 COV-LITE","0x22CfE02909Bb8464176ee37fa90Ed7F9dCCCe1c4","arbitrum-sepolia"
"56085UAB9","MAJORDRIVE HOLDINGS IV, LLC TLB","0x51607874C4B8945c0665a1F8E226C7942526B55f","arbitrum-sepolia"
"81282UAG7","SEAWORLD PARKS SEAS 5 1/4 08/15/29","0xfa763d29561a229C1833e55037750586B54E7BC2","arbitrum-sepolia"
"03958MAF4","ARCIS 1/25 COV-LITE TLB","0xFd7B89799745F45012B6e4298900e500DeeB1eBF","arbitrum-sepolia"
"15018LAN1","CEDAR FAIR 4/24 TLB","0x7dfF81f9a2aB5Fcfd123CEe486EaC373AC018d77","arbitrum-sepolia"
"75888LAQ5","REG12 2019-1A ERR","0xC89dAB5F83cb75DF347EE3b399E4930e0437FaC6","arbitrum-sepolia"
"76009WAW0","RENT-A-CENTER, INC.","0xcF4ca9d621c078Ef6C45F67cb0a38E3668E7Ec62","arbitrum-sepolia"
"72431HAE0","PLY GEM/PISCES MIDCO/CORNERSTONE BLDG COV-LITE TLB","0x6200bF38C73719B672c39cc32aC436385C7dAAc5","arbitrum-sepolia"
"65357KAC1","NIAPK 2019-1A SUB","0xd3fa778ce188e9A2de04b4a47C0AD0B0C76B9ea5","arbitrum-sepolia"
"42804VBD2","HERTZ 11/23 INCREMENTAL TLB","0x57AA12fd6eEff8E25b14E1FaEf0dCbF6c2C1479A","arbitrum-sepolia"
"82670NAB2","SIGNIA AEROSPACE 11/24 TL","0xED0200Df5A96d3b69563848514214f259CFF54cd","arbitrum-sepolia"
"44579UAB8","HUNTERSTOWN 10/24 TLB","0x7Ce4571b3015Bd365a98a962d9cb4F6aA89117cD","arbitrum-sepolia"
"48354VAN2","KAMAN/RUBY/ARXIS 1/25 DELAYED TL","0xb7f2f57A7f8F919B873c62dBb69366ED013972a4","arbitrum-sepolia"
"04016NAZ6","ARES 2017-44A DR","0x30A1e753610C4cB596d6F76475653729D936feD8","arbitrum-sepolia"
"67120JAC6","OCP 2024-38A SUB","0xE06D1976e92AFDA67dA1B4ca7c9727ceF4e2cFd7","arbitrum-sepolia"
"55285DAG6","M6 MIDSTREAM 3/25 TLB","0x98eB88f657a93d501aEDda8F3665d50a8c6595D5","arbitrum-sepolia"
"05989UAC1","BANGL T/L","0xB0DfC841E5780a0422CE769394114d83385b226a","arbitrum-sepolia"
"75904CAA0","REG34 2025-3A E","0x2639416fDf44d4C8D04703882636Cbb520327ed5","arbitrum-sepolia"
"81989LAF5","SHARP 10/24 COV-LITE TLB","0x3110E726a7E43E78f23Ba2B95B42b8f2B6ff0b9b","arbitrum-sepolia"
"45114NAB3","ICEBOX HOLDCO III INC (DIVERSITECH HOLDINGS) TL B","0xAFA793E6BA2888479Cfbd601fd43558e61c19E3e","arbitrum-sepolia"
"758969AE9","REG22 2022-2A ER","0xC5DF8Db928D67A2bEb5a8c301e62662814fCCD1A","arbitrum-sepolia"
"67119VAC2","OCP 2024-36A SUB","0x269da5E879eE8992d88D39Cc3e03F31B4B745531","arbitrum-sepolia"
"74274NAL7","PROLAMINA 3/24 COV-LITE TL","0xEa159DB497822540C3a77139B4b7A3BC845c42e6","arbitrum-sepolia"
"78350LAZ8","RYAN 11/23 TL","0xe0C408686cbe87eA7E9E6A767c42475681b8133B","arbitrum-sepolia"
"83783XAD8","SOUTH FIELD ENERGY 2/25 TLB","0xCA99FbEa0E208e6741479C29c58b3588E37E4609","arbitrum-sepolia"
"67090VAB7","OAKC 2016-13A SUB","0xe74B8e051596cC1fb3aF0F46D36BC611165e5C94","arbitrum-sepolia"
"46124CAR8","INTRAWEST/ALTERRA 11/24 (2030) COV-LITE TLB","0xCD65224898978453634a4f9b83384dF0249Ff109","arbitrum-sepolia"
"37149TAC4","GNRT 2024-14A SUB","0x94c1656CFAf8c683aa26cFd3b335b4181e41fbBe","arbitrum-sepolia"
"38821UAD2","GRANT THORNTON 12/24 COV-LITE TLB","0xc63f329c0E4E4CDaD10FDEbE26C11A90dB659EDc","arbitrum-sepolia"
"884886AC6","TPRK 2021-1A SUB","0x142f4c1A3dc66e838468d45BC814eED4AAE839fd","arbitrum-sepolia"
"91301QAN7","UNITED TALENT 6/25 COV-LITE TLB","0xEE302Ffc4F59822b2b78b893e592e2249f2087f4","arbitrum-sepolia"
"74339DAN8","PROJECT ALPHA (QLIK) 11/24 COV-LITE TLB","0xB0a7c54A676255a0121B8fc5Af88152B74538048","arbitrum-sepolia"
"91728NAB5","ROSEN GROUP 2/24 TLB","0xAd2eDCf261156db04189fF29484E73aa6D767DB9","arbitrum-sepolia"
"33774UAC2","FISERV INVESTMENT SOLUTIONS, INC. TLB","0x386e769f91064E744b9042903A4BAd394721d29C","arbitrum-sepolia"
"43385CAB4","HOBBS & ASSOCIATES/AIR CONTROL CONCEPTS 7/24 TLB","0xC1b3eEB6FDC304328D8CC42192b4243bf1372f33","arbitrum-sepolia"
"26245BAA3","DRSLF 2016-43A SUB","0xA6395CC10304F925a107667CA9Ac51F31b3d4EDF","arbitrum-sepolia"
"23340DAV4","DTZ/CUSHMAN 1/25 COV-LITE TLB1","0x6D115463A3548B180A412c4fA3Cd1dF6e1843D32","arbitrum-sepolia"
"04018CAC9","ARES 2020-58A SUB","0xC47Bb4289f009A286Bb0A73D1927E619b31ffC7c","arbitrum-sepolia"
"69403HAN0","PACIFIC BELLS 12/24 COV-LITE TLB","0xe74346cF8E770C8cc16AD36F9c4D8a0390a07016","arbitrum-sepolia"
"23344MAC2","CONVERGINT TECHNOLOGIES LLC TL","0x998Ec2E15f6AbF8ba52bca3d8165e5bc8b46004a","arbitrum-sepolia"
"427169AA5","HERENS HOLDCO S LNZING 4 3/4 05/15/28","0xefaDe5DAb64aFDd59EAe8D1fe7C2B10EE0Cf74b3","arbitrum-sepolia"
"02376CBS3","AMR/AADVANTAGE 2/25 TLB","0x4e35473628647661b365493c37f88a4dA3004f84","arbitrum-sepolia"
"03330XAC6","ANCHC 2020-16A SUB","0xC841DE17E44C37f306f9D846AC524b24883D0fb8","arbitrum-sepolia"
"76133MAC5","RESTORATION HARDWARE/RH 5/22 COV-LITE TLB2","0x1949472D7bB76C527641569cFbA49dc7c8539f25","arbitrum-sepolia"
"08182QAE5","BSP 2022-27A SUB","0x89E7606489480ec8BB44B044567cD44834D2a111","arbitrum-sepolia"
"38138YAG5","GLM 2022-12A ER","0x6A34EF9Ec24C1b496A451A582CDf4d6dcE35d191","arbitrum-sepolia"
"69703MAC0","PLMRS 2024-2A SUB","0x39b6Ca6e37f050DA79332d6834D85796A676bc31","arbitrum-sepolia"
"17737EAD5","CITRIN COOPERMAN 3/25 COV-LITE DELAYED TL","0xC55830989EA16AEE9471E0c00a5A0567Ec768036","arbitrum-sepolia"
"72706RAB2","PLANET US BUYER/WOOD MACKENZIE 1/24 COV-LITE TLB","0xbEd7d09d92704Fd7148a2141a78579ADb48D3E77","arbitrum-sepolia"
"557911AE4","MDPK 2022-60A ER","0xc4643ac33a03d8eF533c2287CCd1A22aba217177","arbitrum-sepolia"
"67109HAE1","OAKC 2015-11A SUB","0x94092C66f51697A2EB80a8b57375F86D858c1a21","arbitrum-sepolia"
"28259HAG6","EISNER ADVISORY/EISNERAMPER 2/24 COV-LITE TLB","0x027fACDD3453d3c4FBB24f148C1eA677d68054d6","arbitrum-sepolia"
"03329BAC7","ANCHC 2018-1RA SUB","0x4f09aEaDDEc0454162D02108b63033f8eD3eC06C","arbitrum-sepolia"
"92227QAF3","VARSITY BRANDS 1/25 TLB","0x530Be3483d30cDdEC5b87f809139F2a3bB750968","arbitrum-sepolia"
"69002CAD8","PARADIGM OUTCOMES 10/24 TLB","0x6A37E8eC429E282D5023c149E85BCAb09A56B830","arbitrum-sepolia"
"G4768PAN1","INEOS US FINANCE LLC, TLB","0x661e1a656Dce7EDe1ef19771f68B2229A2F4c4C8","arbitrum-sepolia"
"12548KAC3","CIFC 2017-3A SUB","0x8f8aa285e2Da3c0438e8032D474D0707f150970a","arbitrum-sepolia"
"55821JAG4","MDPK 2023-63A ER","0x6D42C1F75C04e97adA635A7123Bff4B48d1825C3","arbitrum-sepolia"
"74983BAC5","RRAM 2021-19A SUB","0xd720c470216E8a082B6dFcAD44cf6DB35f34E045","arbitrum-sepolia"
"08187AAC9","BSP 2021-25A SUB","0x1c74B90D0B91045EeB6BF9e897329fA2294F71DC","arbitrum-sepolia"
"L4780EAC8","LONZA GROUP AG, TLB","0x35fDB0e91570271d2D16f6678D008Af3EC41aF7E","arbitrum-sepolia"
"03329GAJ1","ANCHC 2020-15A ER2","0xDda4DA2Ae2F1e6415C1e016D6b225b274ba0fa6B","arbitrum-sepolia"
"75605VAH5","REALPAGE 12/24 INCREMENTAL TL","0xF976ad08C32dfE1553Ac2287D713fe74c7dB88DD","arbitrum-sepolia"
"56085UAC7","MAJORDRIVE HOLDINGS IV, LLC TLB 1L","0xBBeA1d95af501365Ee488f7E7c65EAAd4d9cD11f","arbitrum-sepolia"
"75890CAA6","REG33 2025-2A E","0xEA02564e1710358FBFDFA0B3812eC66868c616b9","arbitrum-sepolia"
"41043BAJ7","HANGER ORTHOPEDIC 10/24 DELAYED TL","0x8819b76965930c5b89C37CD49FAfFfBC1aB23787","arbitrum-sepolia"
"51809EAQ8","LASERSHIP 11/24 THIRD OUT TLE","0x9B067b56017cCD8Da59E6E9586d6f8d13dB7CeC1","arbitrum-sepolia"
"D9000BAJ1","THYSSENKRUPP ELEVATOR 3/25 (USD) TLB","0xBF0e969fdeE71CC0b4df6bdf4Cc160fC5F6B98be","arbitrum-sepolia"
"67400GAG4","OAKCL 2019-3A ER2","0x40E98139D566291Af7967a2618766ac9A487035f","arbitrum-sepolia"
"87167CAW9","SYMP 2019-21A ER","0x4725436a4adE8F1AE746B029280b3FbfCa278662","arbitrum-sepolia"
"G7739PAN0","CABLE & WIRELESS 1/25 B7 COV-LITE TLB","0xeE6b2eD39cF047Fd56caFF47C035E8D4f47bE4da","arbitrum-sepolia"
"12510MAB5","CCRR PARENT/TRUSTAFF 3/21 COV-LITE TLB","0xCc82595535FF81Cc6749564f293a9bcADd35B3fe","arbitrum-sepolia"
"15963CAC0","CHAMBERLAIN/CHARIOT BUYER 11/21 COV-LITE TL","0x4E08943A9C2F866558B9ea3D21cdfCa89c52B428","arbitrum-sepolia"
"74530DAH8","PUG/VIAGOGO/STUBHUB 3/24 EXTENDED TLB","0x997F089598F8Da889522224A1AA13401A2e3F83a","arbitrum-sepolia"
"03539PAJ7","ANKURA 12/24 COV-LITE TLB","0xdE0042D24bDd3c3f3932F182C6a4532892d73884","arbitrum-sepolia"
"64134TAA9","NEUB 2022-47A E","0x1F098ed0fd17cBc5c4eff57114C670bC46bA2c66","arbitrum-sepolia"
"55820EAE1","MDPK 2018-29A SUB","0xDc53ef7452960A5C2020D3654818228BdaEbC3ac","arbitrum-sepolia"
"08186XAC0","BSP 2021-23A SUB","0xdB2548134d6DAf2DB9AC6b50bfFb94f42f4D6373","arbitrum-sepolia"
"75889TAC8","REG24 2021-5A SUB","0x7DA1C11442FCd3A05fd50325A7DE7D80528a2cf5","arbitrum-sepolia"
"35039KAE6","FOUNDATION BUILDING MATERIALS 4/25 COV-LITE TLB3","0xf5b4da3879072Bc7133255Bc41e71B1A33aAA8B2","arbitrum-sepolia"
"55817FAC7","MDPK 2019-37A SUB","0xC9514C3CdE3dd11908ea1cAb73D89Cf071604c9A","arbitrum-sepolia"
"94767KAP6","WEBER-STEPHEN PRODUCTS LLC TLB 1L","0xf28eAd56C40408472953B47961C280180CC3505F","arbitrum-sepolia"
"67114DAE3","OAKC 2021-9A ER","0x5f9Aeca68c985846292442adf1218bF1BFF69dc2","arbitrum-sepolia"
"14835JAQ3","CAST & CREW ENT 12/21 INCREMENTAL COV-LITE TL","0x5c6cc9a39fFa86a3a8C09bBf0c920Df2DB666848","arbitrum-sepolia"
"17180YAC5","CIFC 2018-2A SUB","0x7bC13386e026449cc4B26e9bE74677818aaa10e0","arbitrum-sepolia"
"75889TAE4","REG24 2021-5A ER","0xa8788F703442E76a55CE58058618C3d091F3A11a","arbitrum-sepolia"
"48171UAB1","JUNE PURCHASER/JANNEY MONTGOMERY 9/24 TLB","0x1c5431895d9DCFE389F2eA918181f2fD2748060c","arbitrum-sepolia"
"18948EAC0","FORWARD AIR 9/23 COV-LITE TLB","0x80f772F571181E85930d40caDaBc03483b1dacD9","arbitrum-sepolia"
"88037HAN4","TENNECO 11/22 COV-LITE TLA","0x5f6eF8f0Be91b919e49F82C5E341839A17b9E392","arbitrum-sepolia"
"96758DBK8","WIDEOPENWEST 10/24 SUPER-SENIOR SECOND OUT TL","0xe0d3C83Ba80dC590ee0174Ab79aC07aBC52076bB","arbitrum-sepolia"
"87167RAA4","SYMP 2020-24A E","0x6B1525e037A1B916265B29EC25B3EdFCeE442825","arbitrum-sepolia"
"80854EAH1","SCHWEITZER-MAUDUIT INTERNATIONAL, INC. TLB","0xdb258e344cADF97feEEE5b27A30B017Bc70fA891","arbitrum-sepolia"
"05825HAG9","BALDWIN INSURANCE 12/24 TLB","0xF48E72A049EA46b3b02845ac8A9d3df10ccEe765","arbitrum-sepolia"
"55819UAQ1","MDPK 2016-20A SUBR","0xC8564C1D644675156AF884b82542bcF798baa503","arbitrum-sepolia"
"141308AC0","CRBN 2017-1A SUB","0xAE48f5941Fc3831f70d894733EDa7B28751628eF","arbitrum-sepolia"
"26246HAC5","DRSLF 2021-87A SUB","0x92B2ad5Dc114886DC3BF77dc9B10044bff2A0F73","arbitrum-sepolia"
"G0757GAG7","BIFM/BROOKFIELD GLOBAL/BGIS 12/24 COV-LITE TLB","0x62B58270A37e3fF28D25F2624F49B9b5f74f8f97","arbitrum-sepolia"
"22834KAU5","CINEWORLD/REGAL CINEWORLD 10/24 COV-LITE TLB","0xAC762BC76f86F4b5bf2bDb2E1c2D1FE96fE55934","arbitrum-sepolia"
"L6526BAG9","MERLIN 1/24 (USD) TL","0xA30cc649f95714cDb0703FB6B4A6fe1d59C14104","arbitrum-sepolia"
"21031HAC5","CONSTANT CONTACT 2/21","0x3879b1D3521c3A56c67525A6fc0b5e7324AA1D50","arbitrum-sepolia"
"63229BAD0","NEO TECHNOLOGY, INC. TLB","0x06C44E58c486e9886d2d455A7F266f46c4757f51","arbitrum-sepolia"
"03330BAC4","ANCHC 2014-3RA SUB","0xB8a23b7e1c18460Cb3eAe32ccfdf35945e9f7881","arbitrum-sepolia"
"51809EAM7","LASERSHIP 11/24 SECOND OUT TLB1","0xa359FFaE10d9024B4a39EC0d4f90FFc4634aB3E5","arbitrum-sepolia"
"18972FAE2","HILEX POLY/NOVOLEX 3/25 COV-LITE TLB","0x021Ff39230541b1e95113e577879FC67F8B922b4","arbitrum-sepolia"
"17737EAC7","CITRIN COOPERMAN 3/25 COV-LITE TLB","0x3b65b28f9db858D9dC4F1c8708A0BBd746E20cf3","arbitrum-sepolia"
"88432XAC4","WINDR 2018-3A SUB","0xc24B448f54cD06EFB230eCF3e45476c1bf9004D0","arbitrum-sepolia"
"08181GAA6","BSP 2023-32A E","0x2C9A3f4e32Bfd313C3D1d0addcd848cA1Fd1200c","arbitrum-sepolia"
"75009QAA3","RAD 2021-12A E","0xF674960A347e9C870de06b6603705B7Da49772a6","arbitrum-sepolia"
"07368RAJ0","BEACON ROOFING/QXO 4/25 COV-LITE TLB","0x18aD41B413B7E520943708F02a6F74C4fcC1118C","arbitrum-sepolia"
"49579GAH5","KINGPIN INTERMEDIATE HOLDINGS LLC, TLB","0xFc2EfeF4f4843c6a94b18F4E52b6438278C92d79","arbitrum-sepolia"
"75605VAD4","REALPAGE 2/21 COV-LITE TL","0x4ad9775f149509c695b1a299f1dBa9500f48Ee1b","arbitrum-sepolia"
"29280KAH8","TRC COMPANIES 1/25 COV-LITE TLB","0x7E93589B41c215881694f4518B7323277273536a","arbitrum-sepolia"
"64134TAC5","NEUB 2022-47A SUB","0xE135062378a197B6F166233bF579f07778268ce6","arbitrum-sepolia"
"44057XAB3","HORIZON US FINCO/TRAVEL CORP 12/24 COV-LITE TLB","0xE3A630c57a1C8eE5b63cD0B1E69a70583a78B336","arbitrum-sepolia"
"34555QAF7","FOREST CITY ENTERPRISES, L.P. TLB","0xB49ef33466Aa3cA2f8a67c4De8CEDA2CD34E85A9","arbitrum-sepolia"
"12554UAG3","CIFC 2019-3A ER2","0xF7fa9a55deb8C2665c06Cb7Ce3e33247Ea90A844","arbitrum-sepolia"
"47947BAF9","JOHNSTONE SUPPLY 12/24 TLB","0xA4415e8C5aFb76882bF9A67560921044e6373854","arbitrum-sepolia"
"87168TAB7","SYNIVERSE HOLDINGS, INC.TL 1L","0xF7846F9286F31EcBe11d7C3173b050E4ce2fAe52","arbitrum-sepolia"
"39479UAY9","GENESYS 1/25 (USD) TL","0x5BE2E8a22c32e018585487022Bb67C14B67e88c9","arbitrum-sepolia"
"75889GAA0","REG23 2021-4A E","0xE0E2CE902b3291E738Dc61595a7F0dF97b8ea0EB","arbitrum-sepolia"
"12515M112","CHUCK E CHEESE 12/20 - EQUITY","0x145FBd3D231F6D3633eabbcDAE6b441bdeEa1693","arbitrum-sepolia"
"80875CAE7","SCIENTIFIC GAMES/ LIGHT & WONDER 6/24 TLB","0x6B8A85085269373927AAC97F10F6770cEE14deBf","arbitrum-sepolia"
"83066YAB8","SKILLSOFT CORPORATION TLB","0x97eB2125a48a17EBa9C06C42A5b2c6D74CC488F0","arbitrum-sepolia"
"12560GAC5","CIFC 2020-3A SUB","0x3ce0fb6B32fa919B494b3958387a6BAb66d592F4","arbitrum-sepolia"
"67116AAG2","OAKC 2022-12A ER","0x4d6726246C2743EaEDc7EF285615fEf8294F7c95","arbitrum-sepolia"
"50183CAC1","LCPR LOAN FINANCING LLC, TLB","0x92388f2D65C73C3C18E79E747Df2788B146503a3","arbitrum-sepolia"
"29359BAE1","ENSEMBLE HEALTH 1/24 TLB","0x40680f21c1a96adf4d84595D973279352B0676C8","arbitrum-sepolia"
"89071LAB6","TOPGOLF CALLAWAY BRANDS CORP., TLB","0x25B3Fb0750B88aa018ffee174e6f676F6fB3e41A","arbitrum-sepolia"
"62955EAJ3","OVG BUSINESS/OAK VIEW GROUP 5/24 TLB","0x0F6095638A0c38A38D0D2A28738075C687A8BDBc","arbitrum-sepolia"
"26881KAD6","EP PURCHASER, LLC, TL","0x73b37a82f889E1774048AC3Ad68622551D6419C9","arbitrum-sepolia"
"26872NAD1","COPELAND 6/24 TLB","0xF4e1646980F65492225fBa789e44653BED8e2c12","arbitrum-sepolia"
"07014QAP6","BASS PRO SHOPS/GREAT AMERICAN 1/25 COV-LITE TLB","0xe82E16A2Ff1A62BbC7C6A18CfF1b0f320a0f244E","arbitrum-sepolia"
"31446UAN0","FENDER MUSICAL INSTRUMENTS CORPORATION","0xa2cAA99bF3cDBfd7dffa28d9c968e698E4235C56","arbitrum-sepolia"
"75884HAE5","REG18 2021-1A ER","0xDa0e4A8Ff4F48100490a99B2dF4A6C8a68Fce7C7","arbitrum-sepolia"
"12554FAE1","CIFC 2019-2A ER","0x79AC39990845Adea08fAdccB129A14e0fd4A2BFA","arbitrum-sepolia"
"15477BAE7","ADP/CDK GLOBAL 5/24 TLB","0x2e295CdaccC13775dE964ca678f7dcb9D8516a91","arbitrum-sepolia"
"55909UAE9","MAGENTA BUYER LLC (MCAFEE) FIRST OUT TL (8/15/24)","0x1e1658aBcc99C2964e33B7c243393cBabA9fb58a","arbitrum-sepolia"
"12555GAE8","CIFC 2019-5A DR","0x3B01923c49eE0355BC08f2dD7Bf665c5510e3887","arbitrum-sepolia"
"23343FAE4","ARSENAL WGH/WCG 2/25 COV-LITE TLB","0xBBe8D8a40Fc822374109F8a0C64fd345Db693AdF","arbitrum-sepolia"
"17181RAA3","CIFC 2018-1A ER","0x39E3d9d2AfACA2c5E5d7b7ff54ACe7c1B89b60e5","arbitrum-sepolia"
"75419XAD6","R1 RCM 10/24 COV-LITE DELAYED TL","0xE74e0D159504750E6F9805579F752eD1FC37db87","arbitrum-sepolia"
"82670NAC0","SIGNIA AEROSPACE 11/24 COV-LITE DELAYED TL","0x009284126d4edDDc52fE9D6b759fC0c582DB715f","arbitrum-sepolia"
"26881KAC8","ENTERTAINMENT PARTNERS 10/21 COV-LITE TLB","0xaE6d83a5E5F2cC8CfEE3Ab8Afa9C67080EF7f7E1","arbitrum-sepolia"
"C9763HAB3","WESTJET AIRLINES 1/24 TLB","0xf11900335Bb4626678D268933051a218089ED1c7","arbitrum-sepolia"
"12565TAC2","CIFC 2021-2A SUB","0x916e8594E1563EEad95d11796fA2AEb1a7600c9b","arbitrum-sepolia"
"48662PAA0","RAD 2021-11A E","0x3F6F6B2A488dE73619B9fa2637A8dDAf0aEA21A0","arbitrum-sepolia"
"12551NAC1","CIFC 2017-5A SUB","0xB27b1804bB1ea349B3D8AFf9FD328FF84fc60dD6","arbitrum-sepolia"
"05549PAG6","BCP RENAISSANCE 11/24 TLB3","0x2D807281e22D4B5a374f3e71C1A2C68Ab5BEff73","arbitrum-sepolia"
"12568YAH7","GENTIVA HEALTH/KINDRED AT HOME 1/25 COV-LITE TLB","0x78CAB1BE3d3ebC72Ff650122ae6F387eF70A0339","arbitrum-sepolia"
"07768YAQ5","BELFOR 1/25 (USD) TLB3","0xAb33d189c222D530E6E93374547F887470e4eaf0","arbitrum-sepolia"
"94767KAN1","WEBER-STEPHEN PRODUCTS LLC TLB","0x38b22d15B3Dee6ddfBd542749C957cfB564F69f6","arbitrum-sepolia"
"75009QAC9","RAD 2021-12A SUB","0x1861FE6a12CDF7220f219722409Ff87D3B7DFa38","arbitrum-sepolia"
"85554UAB0","SOLARWINDS/STARLIGHT 3/25 COV-LITE TL","0x13dB236FeFA92A16C672b4A42C4Bb7be7fdb9190","arbitrum-sepolia"
"55819CAE8","MDPK 2015-18A SUB","0x12F88f58E90e63ecA91F69fCf077311619964E65","arbitrum-sepolia"
"50180PAB7","AMAWATERWAYS 4/24 TLB","0x60053FA27A5A07868284f84Cf8cF00f487b329DC","arbitrum-sepolia"
"G2761TAB0","DIGICEL 1/24 TL","0x133a2a53BC9198B136A69108AcC3be5C85876fF0","arbitrum-sepolia"
"05624AAB8","ENVESTNET/BCPE PEQUOD 9/24 TLB","0xCA670F1382F0A7645566BF74dC06F200c655DB70","arbitrum-sepolia"
"22526WAS7","CREATIVE ARTISTS 9/24 COV-LITE TLB","0xa45f76A00B651B79a74b18660B04AA459A39d47a","arbitrum-sepolia"
"C6907UAB7","ONTARIO GAMING GTA LIMITED PARTNERSHIP, TL","0x0d9B3588d4F2F82585AE4A201A44F83287fA479D","arbitrum-sepolia"
"83011WAC6","SIXST 2024-25A SUB","0xd198499f9C393388630bAd8D77966bc951116cab","arbitrum-sepolia"
"C6902LAE6","PLUSGRADE 3/25 COV-LITE TLB","0x153a7CAee04e7Bd1f3754D7bDFC2F85Cd8Df53d1","arbitrum-sepolia"
"34410JAG6","FLYNN RESTAURANT 1/25 INCREMENTAL TL","0x471db6911F3D9Ab9D2831a312859c63F6F2730FB","arbitrum-sepolia"
"29001CAA9","ELM25 2024-1A E","0xADe767FFd6040bF1A84aB9ef8f52dEbBa4A1f4D1","arbitrum-sepolia"
"20848PAK4","CONSERVICE 1/25 COV-LITE TLB","0x529E9BC6A700E6785A79749d442f3AE70dcD4b1E","arbitrum-sepolia"
"98980XAC9","ZUORA 12/24 COV-LITE TLB","0xEaEd2043dB3dE563F6AF8146bc31A7c96C081C5E","arbitrum-sepolia"
"03331BAG4","ANCHC 2021-18A SUB","0x4bF070C8d1b37A7a5505879029BC622d76303A89","arbitrum-sepolia"
"91834WAF7","VEEAM SOFTWARE 11/24 TLB","0xaAA51A92b99B978dF58b03d61c20B5d216e55764","arbitrum-sepolia"
"12659EAC2","CP IRIS HOLDCO I, INC. TL 1L","0x9c1a91f895619a5e04499Bdf4Deaf163e1faC2E4","arbitrum-sepolia"
"65343UAH5","PROMONTORY INTERFINANCIAL/INTRAFI NETWORK 1/25 TLB","0xD87233A0D28A4526F714E51824A44215c5B4fB39","arbitrum-sepolia"
"00226HAG5","AQ CARVER BUYER (COADVANTAGE) 7/23 T/L","0x8043266E39005aF54410f4815BF08f1D8a3edc7f","arbitrum-sepolia"
"N8232NAL1","AKZONOBEL SPECIALTY CHEM(STARFRUIT) 10/24 TLB","0xE4949653Fe2DD7a32D13F68C41933DE9D4b19bfb","arbitrum-sepolia"
"C8000CAP8","POWER SOLUTIONS 1/25 (USD) INCREMENTAL TLB","0xFcfA0eBED14466fbD76A61E3d1f23e366452A5F2","arbitrum-sepolia"
"13876QAG1","CANYC 2020-2A ER2","0x656c44D3Bb066b080Ce7124a30d8BbBf496fDA8F","arbitrum-sepolia"
"55817FAG8","MDPK 2019-37A ER2","0xbe9a4723b7A7379C302BFbF08C4BF05259Fa19f3","arbitrum-sepolia"
"03853CAG0","ARAMSCO 10/23 TLB","0x4790231F047acf487D91B1657692Ea85581C7252","arbitrum-sepolia"
"08078UAM5","BELRON 10/24 TLB","0xa0f3BAf2f0C2FFa9EBD02987ba4CDF324122DcfE","arbitrum-sepolia"
"44966KAB1","IMA FINANCIAL 11/21 COV-LITE TL","0xCF49cc6DD76b0e81E986F3c7D84D9BDE6BE001d2","arbitrum-sepolia"
"89841EAB1","ULTIMATE SOFTWARE 1/24 COV-LITE TLB","0xe3b8B15e0762c223fdd965De6D91f2aB1f37a1Be","arbitrum-sepolia"
"081923AC8","BSP 2024-34A SUB","0x7519d2155dA05F9F26C8932A5008F5c703c8F3d8","arbitrum-sepolia"
"31935HAG2","FIRST BRANDS GROUP, LLC, TL","0x9F7803E1F6507330fd863dc09097c1D2B337D49d","arbitrum-sepolia"
"60337JAA4","MINERVA MERGER ATHENA 6 1/2 02/15/30","0x35Fccc62E72541eD7aCa8De3e8EEEdeD6455b658","arbitrum-sepolia"
"92555WAD7","VIASAT, INC., TL","0x2B3D0B3Fd4511B07337d4EE8c224A209141681d6","arbitrum-sepolia"
"12571HAA4","CIFC 2022-3A E","0xA86e0Cb0229c08c76685Dc1470f743Df27F37403","arbitrum-sepolia"
"75884HAB1","REG18 2021-1A SUB","0x44D133E5a4fc52F9fcACDe83E6B0b0749aEDD6df","arbitrum-sepolia"
"84850XAK8","SPIN HOLDCO INC. TL","0x294598c477E2794499b0768958A6Ee2aCE971672","arbitrum-sepolia"
"02156LAH4","ALTICE FRANCE SFRFP 5 1/2 10/15/29","0x2733ec4a0Bd3094a781a9B0d0C4ba6ed54dC5056","arbitrum-sepolia"
"05477JAD3","PRESS GANEY 11/24 TLB","0xD841998208fb640b7D0F85F6335D5D8B3efCA690","arbitrum-sepolia"
"64131UAL5","NEUB 2018-27A ER","0x71f3856200E2ecFF88781576F7ee57Bd48B32A64","arbitrum-sepolia"
"89787RAH5","TRUGREEN LIMITED PARTNERSHIP TL","0x570b43671420497e336Ebe01B764e0cFC08A037D","arbitrum-sepolia"
"45115DAB4","INSTRUCTURE/ICON PARENT 9/24 TL","0x69053138c40bC448b4e589F4ccA4C1f52A553D6A","arbitrum-sepolia"
"89787RAK8","TRUGREEN LIMITED PARTNERSHIP TL","0x30657Fecabc43935A1e312d2a2028E1730b1c38C","arbitrum-sepolia"
"97360BAH8","UNIVAR/WINDSOR 2/25 (USD) TLB","0x00900935aCE00069B3E0f378b017D264Cf9644A2","arbitrum-sepolia"
"037977AG0","APID 2023-45A ER","0xae94FDB59A2a24278dd9b2eE6E5164f67CC7b8a3","arbitrum-sepolia"
"14712WAE9","CASA SYSTEMS T/L (05/23)","0xED587EF950aB4F94aC458d8a072099a271B06111","arbitrum-sepolia"
"749985AA5","RAD 2019-4A ER","0xC10085F9a01C54a981ADe7f2Bd251B43d4DC6513","arbitrum-sepolia"
"45674KAF2","INFINITE BIDCO LLC TL","0xA35D2C4633252Cb8E3b0BCf3baE381A5271B81b9","arbitrum-sepolia"
"00435UAF5","WORLDWIDE EXPRESS/GLOBALTRANZ 11/24 COV-LITE TLB","0xAA18164e193f87B2640845d489a8c92e1dFC6b80","arbitrum-sepolia"
"825252406","INVESCO TREASURY PORTFOLIO INSTITUTIONAL CLASS","0xE7c1d7aD84C702ecC17b2c16E81c31016d1a033B","arbitrum-sepolia"
"67106KAE7","OAKC 2014-10RA SUB","0x6dd2c88A4fFfB50eA1CB69b904087Cf51941fF27","arbitrum-sepolia"
"84410HAN0","SOUTHERN VETERINARY 10/24 COV-LITE TL","0xe4963368F4a7335b3bA03906881bED13999973Db","arbitrum-sepolia"
"05550HAQ8","IMPERIAL BAG & PAPER/IMPERIAL DADE 2/25 TLB","0xB54c31bD06087Cc11632287a598cb3B7112e4A93","arbitrum-sepolia"
"89677NAE4","TRIP.COM/TRIPADVISOR 7/24 TLB","0xe05Fc4ec7F8Adca3791c56Aac98027d1a126AF4d","arbitrum-sepolia"
"34416DBD9","FOCUS FINANCIAL PARTNERS 1/25 ADD-ON COV-LITE TLB","0x3ACe5165B2CDee4848A3255221b9b502058FE635","arbitrum-sepolia"
"48171UAD7","JUNE PURCHASER/JANNEY MONTGOMERY 9/24 DTL","0xCE54863FFae468661BC6581D45fa3c21327C89Eb","arbitrum-sepolia"
"49835NAA5","KKR 2024-60A E","0x838278127031CBF36bc1e79131E81681D0c0251E","arbitrum-sepolia"
"31935HAD9","FIRST BRANDS GROUP, LLC TL","0x8A08f89862483A3d69194800B6BA5D43cDb1ecf6","arbitrum-sepolia"
"45232UAG3","MCDERMOTT INTL/LUMMUS 12/24 COV-LITE TLB","0xD366f5beEe7dAe54c0Ac61D2B80F1CcAEFF7bcf0","arbitrum-sepolia"
"12541HAW3","CHG HEALTHCARE 12/24 COV-LITE TLB1","0x9083665fFc9b38B4Ee2e891e4f7638A62F10B198","arbitrum-sepolia"
"74773KAE5","QUALTRICS 2/25 COV-LITE TLB","0x86554cd320A4FdEDb406d7ff7da5fA43BF23049d","arbitrum-sepolia"
"63988HAH9","JO-ANN STORES EXIT TL","0xb229c5d031B7467a39699055fd58ae5DdD9b093E","arbitrum-sepolia"
"87250TAB6","TICP 2020-15A SUB","0xFAd3Bc8518C4F93490daeaFA7dE960f72719910c","arbitrum-sepolia"
"73955HAE4","TALLGRASS ENERGY 12/24 TLB","0x66C0E5Bc58266b0B00e290fB5636b269137cdFC7","arbitrum-sepolia"
"67400GAC3","OAKCL 2019-3A SUB","0x9f22BBDCa86692235668aD6fD3Bc65A98fF4d753","arbitrum-sepolia"
"67119NAC0","OCP 2022-24A SUB","0x6e83fe3ad503E12dF66443D5D700d0A81821b0E9","arbitrum-sepolia"
"75620RAH5","RCTTE 2015-1A YRR","0x76FceCE9C76b2a10eea953713CD2C620530bae6b","arbitrum-sepolia"
"03880YAC8","NEW ARCLIN/ARC FALCON 9/21 COV-LITE TL","0x7bAEa237342BFF9F993a4EDe7ad598E3a71A98e4","arbitrum-sepolia"
"G4712JAY8","HYPERION INSURANCE/HOWDEN 8/24 TLB","0xfc80077899C838DB8a733220053aa404c9793eAb","arbitrum-sepolia"
"11565HAD8","SIGNATURE AVIATION/BBA AVIATION 6/22 TLB2","0x57731530d7Ed87d93991674e14a6F2b8fBc74Be5","arbitrum-sepolia"
"64134WAC8","NEUB 2022-50A SUB","0x16ea95b96FB5e2Ee916E2f685659C561aDc6B222","arbitrum-sepolia"
"97315XAA1","WINDR 2017-1A ER","0x877Ec9c71AEA85C48562938143f42717fEFDbD9B","arbitrum-sepolia"
"64439HAC3","NEW FORTRESS ENERGY 2/25 INCREMENTAL TLB","0x1fDf82FD706e3dCc5c1aa4a5BC8031E65B7159C6","arbitrum-sepolia"
"86602KAF3","SUMMIT BEHAVIORAL 4/24 TLB","0x925CcA0E5f9cdC66829ccA8F379AF5406df23b3A","arbitrum-sepolia"
"90355HAB0","UST HOLDINGS, LTD. TL","0x73db0Fe6833C38E382193C93beE0cadCcA5AD1aB","arbitrum-sepolia"
"88037HAP9","TENNECO INC TL B","0x83Ca4Bc2091cF5B87F24fF18B62d60b02430b3ae","arbitrum-sepolia"
"12547WAC8","CIFC 2018-1A SUB","0x075B6399ca25Ae2B0515AD762b84251EA8E515Ae","arbitrum-sepolia"
"29629LAB9","TRACE3 10/21 COV-LITE TL","0x3a252Af9e7345f18409027F40F2b5626AE541A3F","arbitrum-sepolia"
"21870FBA6","CORELOGIC, INC., TL","0xc4f425019F20f87A4cEF0ED8802038cCD2d5Bf1B","arbitrum-sepolia"
"84611YAE0","SOVOS COMPLIANCE 2/25 COV-LITE TL","0xf2c9534ab6b05b32a8293D8906c0Bb1e19F01245","arbitrum-sepolia"
"78477MAG6","FIRST ADVANTAGE 9/24 TLB","0x2A3b3B8Ec5e006A50354517C54124f821A9b788F","arbitrum-sepolia"
"28542CAC3","EXAMWORKS/ELECTRON 11/21 COV-LITE TL","0xd9368b06e049c16d244f41847184e5fDBcA55088","arbitrum-sepolia"
"25460HAB8","DIRECTV FINANCING, LLC TL 1L","0x1Ae212e999f5F44F033D2bC919C32D767b01b71c","arbitrum-sepolia"
"12478FAG9","CBAM 2018-8A E2R","0x52986c63DD92B9e73bd8Bb50e1dff0B03eb26877","arbitrum-sepolia"
"374276AM5","GETTY IMAGES INC ABEGET 11 1/4 02/21/30","0x148e374Ad1BeFf2241dBf2e1fCC35835ED88D91c","arbitrum-sepolia"
"04017LAA4","ARES 2019-51A INC","0x3b7E49Ff95758a21e7ca23dEEe7E7475721f8d14","arbitrum-sepolia"
"91865FAJ8","VACO HOLDINGS, LLC TL 1L","0xC5E59C956f74eDc106aD56ec2645Cf80b9d7116b","arbitrum-sepolia"
"74273JAK9","PRO MACH 2/25 COV-LITE TLB","0x85635c309c142B338055e92D0855c5c01700F240","arbitrum-sepolia"
"19239BAD0","ATLANTIC BROADBAND/BREEZELINE 9/23 TL B","0x97a97642839EB5AB8B1bA3688fc3443C8CCd0BfA","arbitrum-sepolia"
"284375LE0","ELEMENT MTRL TECH GP HLDG TL","0xe7Ce786BC422C87779033D61250203235A78adBD","arbitrum-sepolia"
"87339PAD5","TACALA 9/24 COV-LITE TLB","0x8A6FF7040F96C9A031F3CDb24f3125137dC9d807","arbitrum-sepolia"
"22164MAB3","COTIVITI 2/24 TL","0x4c442DC38736191F1AC1Ad5f39556ec8d46470F1","arbitrum-sepolia"
"75001CAB0","RV RETAILER, LLC TLB","0x5F01DD6c8e9DFaCC0BE45Ab31aA3f90862F0D45C","arbitrum-sepolia"
"87510EAD1","TAMKO BUILDING 10/24 COV-LITE TLB","0xF452a665EF439751175b99466c88829e5C864fD7","arbitrum-sepolia"
"55954XAE7","MAGNE 2019-24A ER","0xBA9C12f1dF091dEf096E74D8bd7bc1B50CdEFc15","arbitrum-sepolia"
"64135RAC8","NEUB 2024-54A SUB","0x5911415cB6C3E49a5414ff4B190f5Aa7212D2f6E","arbitrum-sepolia"
"77366PAG5","ROCKP 2021-1A M2","0xCA3bB79D90C9CDE8Dd8bd327feb49fC8C03a1972","arbitrum-sepolia"
"55821BAE6","MDPK 2018-28A SUB","0x96eE97b72Bb702322818487468F0DD9BddCFAC41","arbitrum-sepolia"
"81527CAP2","SEDGWICK CMS 2/23 TLB","0x0F6F58DDf3C9e20c999f587a25E3Fa137B55Dda3","arbitrum-sepolia"
"78571YBF6","SABRE GLBL INC. TLB2","0xF771C119b0784295816369cD207385F4a842Fa94","arbitrum-sepolia"
"01881UAM7","ALLIANT INSURANCE 9/24 B6 TLB","0x65F33bf39929969E646BAC7ea55e11fbEcd5f500","arbitrum-sepolia"
"36321FAC6","GALXY 2024-33A SUB","0x75c17677cC3602A918947c7521769616B76491F6","arbitrum-sepolia"
"75000LAE5","RRAM 2023-25A SUB","0x05D4c1f77A50E0D9c4cecd31484237F5A5A7976a","arbitrum-sepolia"
"41043BAH1","HANGER ORTHOPEDIC 10/24 TLB","0xc4C6fAC81bAc84992913df7DFaA70333dD08FB1D","arbitrum-sepolia"
"08511LBC1","BERLIN PACKAGING 12/24 B7 TLB","0xC43A7260227C1e1aBeb265A8cf393105b2BEAAf3","arbitrum-sepolia"
"78571YBJ8","SABRE GLBL INC.TLB2 1L","0xaaa537b74290B1Ab987430E18659084f56dbb240","arbitrum-sepolia"
"59406MAF4","MICHAEL BAKER 1/25 TLB","0x6aDb04025BcE910Ab98E1B01a276a0271661c311","arbitrum-sepolia"
"00142QAL5","CLVR 2021-3A SUB","0xC227F8147722671f9F1fe694B88515Bd1Ea4fd94","arbitrum-sepolia"
"17302JAK3","CITCO 6/24 TLB","0x3a01Ca96cd000A7c75d33c5bf236591b4149Dc8E","arbitrum-sepolia"
"G9368PBH6","VIRGIN MEDIA 3/23 TLY","0xc26020936e1196E8DA85e376EF40968f908a626c","arbitrum-sepolia"
"G4712JAZ5","HYPERION INSURANCE/HOWDEN 11/24 (USD) COV-LITE TLB","0xB723bdAda2E096670Fdd82dE6Ac998C6f59Df1d6","arbitrum-sepolia"
"68218HAE7","NATIONAL INTERGOVERNMENTAL PURCHASING/OMNIA TLB","0x3750e73e4202E843Dd1C5640F8f51d50EF1e5848","arbitrum-sepolia"
"94847DAJ0","WEDDINGWIRE 12/24 TLB","0x61D6E8CC59527Ab7d4Ec32023273aA6f48FdE6af","arbitrum-sepolia"
"74983BAJ0","RRAM 2021-19A DR","0x5CCf77Aa7EBf09F276462B883482c4D0CE4cB2b9","arbitrum-sepolia"
"89142DAB9","TORRID LLC, TLB","0x4ade70c6E6011D0E90388141a92884D1929D7904","arbitrum-sepolia"
"Q0500HAB5","ARDONAGH 6/24 COV-LITE TLB","0x9523c4B6927F56FA53AdCb13165f283e87558804","arbitrum-sepolia"
"50226BAM0","VICTRA/LSF9 ATLANTIS 2/25 TLB","0x875dc8a439591847A0E31B95F06D48008064Bc1e","arbitrum-sepolia"
"45168RAT0","IDERA 6/24 TL","0xa6245799233A6be28f1869bD1fFDb1A6b4CA5A92","arbitrum-sepolia"
"12554UAC2","CIFC 2019-3A SUB","0xea7B1194184Af97115CebA5DD48ca83AcB324bFB","arbitrum-sepolia"
"29002RAC1","ELMW7 2020-4A SUB","0x113a4fdfAd8Ba2b73a8B57c2640e80A5246501Dc","arbitrum-sepolia"
"64134CAA6","NEUB 2021-41A E","0x3e0757B6918eEbc8931184f22D70b370d1BE7908","arbitrum-sepolia"
"46090YAC3","INVCO 2021-1A SUB","0xE780b95e307a33474f80f77c7a9f927b790e0835","arbitrum-sepolia"
"24780DAJ6","INFOBLOX 1/25 TLB","0x74029387E1bfb9097BC1269c684AbC43Bc4128a0","arbitrum-sepolia"
"55304PAG6","K-MAC 1/25 COV-LITE TL","0x49409729260Af39Ab7B08E916EAFcAda7CFaA22f","arbitrum-sepolia"
"L8869UAG8","KANTAR 2/24 EXTENDED TLB","0x224829e366CD208b8aDA29331E8601E27CAd7785","arbitrum-sepolia"
"84857HAY6","SPIRIT AEROSYSTEMS, INC. TL 1L","0xeb16a8919be2cfe9B1FE3aCB635E361c09fcB1EA","arbitrum-sepolia"
"03952HAD6","ANCESTRY.COM 2/21 COV-LITE TLB","0xB81eAB0f4464cCB9Cd1adA2E6eC9340A338F0065","arbitrum-sepolia"
"87251RAK9","TGP HOLDINGS III (TRAEGER GRILLS) T/L (6/21)","0xf4715A6628362623b1Ea43F497ce922623502148","arbitrum-sepolia"
"83012GAC0","SIXST 2021-17A SUB","0x57849c101e1c4361c970C6496EBA1Fc0C4A19c1d","arbitrum-sepolia"
"14474FAY0","CARROLL COUNTY 6/24 TLB","0x92421bEe6A618Af9da8B4A7BEcd1e956f84EfbA5","arbitrum-sepolia"
"00217XAE6","HEXION 12/24 TLB","0xCa3251a49D37B4821Ea99F9Ffc33B44A9359BeEf","arbitrum-sepolia"
"00488PAV7","ACRISURE 12/24 B6 COV-LITE TL","0x7A55Fd4d3aCED3290994C2357Ab402F8bB88c45B","arbitrum-sepolia"
"33937KAX2","FLEXERA SOFTWARE 12/24 COV-LITE TL","0xF995B99c95450F80C53207225D8959BE99B12151","arbitrum-sepolia"
"914908BG2","UNIVISION 5/24 TLB","0x95156CAbDafaa341c3fBb90d3754d582cF7b22aE","arbitrum-sepolia"
"35039KAB2","FOUNDATION BUILDING MATERIALS, INC TL","0x8d0f4931F0C64b841B98D60529228EF9453Fd605","arbitrum-sepolia"
"03960DAH6","FAIRBANKS MORSE 3/25 TL","0x5065e4a4B0332d5e669B33a1b7737D9Ed4980E30","arbitrum-sepolia"
"55909UAC3","MCAFEE/MAGENTA 8/24 SUPER PRIORITY TL","0x5B274a426D634b50363f4dB9Fb73D8E7A38cd65a","arbitrum-sepolia"
"50221UAC5","KIDDE GLOBAL 10/24 TLB","0x3cF5D1626f7A1DB63aea57068c6660F4C6787a71","arbitrum-sepolia"
"45567YAN5","MH SUB I, LLC","0xd4325Fb5276fBDa6c3254Bab72Ec468bc25B2Eb8","arbitrum-sepolia"
"57767EAE2","MAVENIR SYSTEMS, INC. TLB 1L","0x344A69f9d45263776092ea1aAF03AaC9Db299eF4","arbitrum-sepolia"
"83012EAB7","SIXST 2020-16A SUB","0x5995835B07232BF12AE194c40c92b0179600c41C","arbitrum-sepolia"
"00871QAC2","CLVR 2019-1A SUB","0x41967F27e5F7638f15438B8Fd1bE0877d842abe4","arbitrum-sepolia"
"14318AAE5","CGMS 2021-5A SUB","0xE951417cDA242A07263F64ea382906Dd442FF7Af","arbitrum-sepolia"
"97246FAM8","WILSONART INTERNATIONAL 7/24 TLB","0xc9e6C6aC275689020e1ebD09D2aAB132E4034d39","arbitrum-sepolia"
"65357KAJ6","NIAPK 2019-1A G","0xbc845A280fe0f00c17BE4145777D5fe37158A03A","arbitrum-sepolia"
"01957TAH0","ALLIED UNIVERSAL HOLDCO LLC TL","0x70bBCea8dd95ED82eaAba8F9607ACfed92362a1C","arbitrum-sepolia"
"23833EAX2","DAVE & BUSTER'S 1/24 COV-LITE TLB","0xDFc8035D072001B8658cEc980FFE01A2fDb24F4d","arbitrum-sepolia"
"14320DAA3","CGMS 2025-2A E","0xC26E0cAB29263be483f30BE52adA20ec40cE82d5","arbitrum-sepolia"
"04016NAJ2","ARES 2017-44A SUB","0x7448a9B6c9321Ca852d155Da0390c8e2E90710B3","arbitrum-sepolia"
"88433LAC9","WINDR 2018-2A SUB","0x7A873dD39EC82f16386f0C7e9e8BA03327eE5B2f","arbitrum-sepolia"
"05553QAB8","BCPE GRILL PARENT, INC. (FOGO DE CHAO) TLB","0xa3366808A7191D2185757aD563cf854150e54C64","arbitrum-sepolia"
"03703HAB2","ANTICIMEX 4/24 TLB","0x57786Fc8FCEd04A7B6710a880AAd857d724E5926","arbitrum-sepolia"
"70468BAC7","PELICAN PRODUCTS, INC. TL","0x727e666260DFE5Ce6d919Bc259bDa4D132dF3Aae","arbitrum-sepolia"
"29003XAE3","ELM14 2022-1A SUB","0xb67b8fb37E29e68eEe00C5aF3a10e71586C6e878","arbitrum-sepolia"
"75888QAL5","REG16 2019-2A ER","0x10Be6F8efA834098A897cc9eC300F5Eea2a99604","arbitrum-sepolia"
"12508KAJ6","SUNSOURCE 3/24 TL","0xd3bF5faD385D9c79403103df0CD0686C278362Dd","arbitrum-sepolia"
"96758DBG7","WIDEOPENWEST 10/24 SUPER-PRIORITY FO NEW MONEY TL","0x490fe5a096293cE27C558dB05E6f18Fb70718B28","arbitrum-sepolia"
"69346EAG2","PMHC II, INC. TL","0x24374F7aa2369c16451eB31a43Bde0D32FBAE58b","arbitrum-sepolia"
"00169QAG4","AIR MEDICAL 4/24 PIK TL","0x1a06F04D29A03D1f22a7C7cF4424ac703bA990C3","arbitrum-sepolia"
"47768J200","JO-ANN INC NEW COMMON","0xd90ee6c96FE6e4cB1250250085177355458A3dAe","arbitrum-sepolia"
"83608DAA1","SNDPT 2017-4A D","0x0c176c41954abBf2832deB2A457C58c553159b79","arbitrum-sepolia"
"902104AC2","II-VI INC COHR 5 12/15/29","0xFFF687092eeCDd064Eb16B989be8DE804813e6d9","arbitrum-sepolia"
"913319AC3","UNPPK 2022-1A SUB","0x5FE525458e3D084B2De736967f18B82BC1789758","arbitrum-sepolia"
"75419XAC8","R1 RCM 10/24 COV-LITE TLB","0x8dc743d516432d87177970557Dd407Dcc86b35CD","arbitrum-sepolia"
"82568TAG3","SHUTTERFLY FINANCE, LLC, TL","0x26C2B8e28F3A5C4f8E15F5115ddf633B6a81CcCe","arbitrum-sepolia"
"46589UAE5","ZEST ACQUISITION CORP., TL","0xd73951AC0B0c6CaB2815535B27236C9Fe200f47c","arbitrum-sepolia"
"14852DAJ0","CISION US/CASTLE US 4/25 FLSO (USD) TLB1","0x04A3B1eF30b809eDd32367f65bf57B111416359D","arbitrum-sepolia"
"11132VAY5","BROADSTREET PARTNERS 5/24 TLB4","0x91e7aA7dEc7dc2C97712f5e874873E92A797aBE4","arbitrum-sepolia"
"26875YAB8","ENDEAVOR/EOC 1/25 COV-LITE TLB","0xDaDC58D00a55a64843929EF4F244973B84c098A7","arbitrum-sepolia"
"92555WAF2","VIASAT 5/23 TL","0xc17f56550Fb20185BD46D8F24a8Dd42197f51e0e","arbitrum-sepolia"
"77366PAE0","ROCKP 2021-1A M1","0xC55342d7412eAC25CA1aacc1B087AF0D36650208","arbitrum-sepolia"
"389376BC7","GRAY TELEVISION 6/24 TLB","0x200Dd806920077066326070501A7e3c64c0C77Ff","arbitrum-sepolia"
"03218AAC3","AMSPEC PARENT 12/24 DELAYED TL","0x8A3810eb4f1ba6696e885A2a2539F6A5A135a784","arbitrum-sepolia"
"12551XAC9","CIFC 2018-5A SUB","0x6affAFEd45297012BC4Ca1a29B97A83e0D831d3D","arbitrum-sepolia"
"14907EAD6","CATAWBA NATION GAMING/TWO KINGS CASINO 12/24 TLB","0xC483f1D6250db4F5a2625664FFB1125b63975E1e","arbitrum-sepolia"
"37190DAN3","GENUINE FIN 1/25 COV-LITE TLB","0x53C725A12f0217F20054E694bDBfBc67Acc07Dd4","arbitrum-sepolia"
"68163YAJ4","SOLENIS 12/24 (USD) COV-LITE TLB","0x1F87EA602CCDF18E3ef957C1469E944Af45F425E","arbitrum-sepolia"
"08186FAE5","BSP 2022-29A ER","0x6D7D65AAC3F3284925179Ef127EF2c214071f936","arbitrum-sepolia"
"081920AE0","BSP 2024-36A SUB","0xa0c96C614A1f78f4b95DF0164a6c199Ed8F0680e","arbitrum-sepolia"
"14317WAG3","CGMS 2019-4A DR","0xEd9db8447B006F619F5B8d4752aA1465AFeE0559","arbitrum-sepolia"
"04649VBD1","ASURION 9/24 B12 TLB","0x64d2b92c7cd8C34eC79C7a5d4Adf6A834c9020f8","arbitrum-sepolia"
"83419KAC0","THERAKOS 10/24 COV-LITE TLB","0x9Ec5A0B59e423c5e5D76b4aE6DEad1fA9D907de1","arbitrum-sepolia"
"43117LAN3","HIGHTOWER 1/25 COV-LITE TL","0xEC777C70cC3f44c2D17B789A442F31e44A010c55","arbitrum-sepolia"
"04019MAC6","ARES 2019-51A SUB","0xA014f2AAADecB12b0558ec28adCC1f7F97B75D94","arbitrum-sepolia"
"21925FAB0","PLY GEM/PISCES MIDCO/CORNERSTONE BUILDING 7/22 TL","0x105BCeFFA0eAE2Feb0A591ADA8B3D159566c837d","arbitrum-sepolia"
"64134KAA8","NEUB 2021-40A E","0x456bFDf802324Cb7023560160474a6C04427ee60","arbitrum-sepolia"
"87876GAM4","TECTA AMERICA 2/25 COV-LITE TLB","0xF17cdc61F1A69fBC6b2FC8cE5C9c2A274e029Ccf","arbitrum-sepolia"
"72751PAJ3","PLANVIEW 12/24 TL","0x196735C27E31473E04F3E01D2BF7C71480Ac5462","arbitrum-sepolia"
"70082HAC0","PARK RIVER HOLDINGS, INC. TL","0x8fAa8599Ce9A30B84621eb0B3980973E6C08A89b","arbitrum-sepolia"
"05338KAB3","AVALARA 3/25 COV-LITE TL","0x22648F08CD25a69FEbc9E29b8655232b2b1110C4","arbitrum-sepolia"
"N8137FAE0","HUNTER DOUGLAS 1/25 (USD) TLB","0xE946Ed5aFDfd09a2F65e03e8D75E20B3E0bB23e5","arbitrum-sepolia"
"37959JAG6","GLOBAL TEL LINK 6/24 TL","0x80704960a336E5806BcafC43Ad189e4d50e71D49","arbitrum-sepolia"
"83011UAC0","SIXST 2024-24A SUB","0xDDFCdDA6040A8edc0526842f7a41f1221597d16C","arbitrum-sepolia"
"G0472CAK1","APEX GROUP 2/25 (USD) COV-LITE TLB","0x30172fe7379eaD898A369FC95716663378F3Ca4d","arbitrum-sepolia"
"64136FAA7","NEUB 2019-32RA E","0xAA6775AcD0222241f80576F075F8691F69307DF1","arbitrum-sepolia"
"44413EAJ7","HUDSON RIVER 10/24 TLB","0x5B214d54cE05B9227f24BBF07760F1FaF93c9FA4","arbitrum-sepolia"
"29428XAG5","EPIC CRUDE 10/24 TLB","0xE06B4906BBC2Fe48F603630c386bE807a2500a07","arbitrum-sepolia"
"64132EAL0","NEUB 2019-32A ER","0xF4A93a9731861BF667157311f1BA2D1776aA3521","arbitrum-sepolia"
"08186XAA4","BSP 2021-23A E","0xb4f419aA922db7aF1145329523c4563872a054C6","arbitrum-sepolia"
"59909TAC8","MILANO ACQUISITION CORP. TLB","0xf0B1F3a6397023bcaFA60b9217fD6150BFFb857D","arbitrum-sepolia"
"74839XAL3","QUIKRETE 1/25 COV-LITE TLB","0xae0eBF571dA41dCf74C4aCC90AfBFD1F30A3aD6C","arbitrum-sepolia"
"78571YBG4","SABRE GLBL INC. TLB1","0xFf43a6bCF4A180c8b6e89746b1CFa729DF006120","arbitrum-sepolia"
"67707FAL5","OAKC 2019-2A ER2","0x6dDc191302603517023323f5953e81194688edad","arbitrum-sepolia"
"89788VAG7","TRUIST INSURANCE 12/24 COV-LITE TLB","0x9b2a623DEd35a51a1a8CF8BD2da422282c8268C2","arbitrum-sepolia"
"97381JAJ2","WINDSTREAM 9/24 TLB","0xC4ca84217095c243DE43eA2C46437a44b2edF217","arbitrum-sepolia"
"C0787FAF9","BAUSCH + LOMB 9/23 INCREMENTAL","0xEA528cA20dAcdc50cB8ad383aDe2077fbE12A5af","arbitrum-sepolia"
"75620RAC6","RCTTE 2015-1A SUB","0x71A4ace531801d9602c15737fE17a460E3B6Fe19","arbitrum-sepolia"
"03331QAN6","ANCHC 2021-20A ER","0x459C653e149aBb7Aba229d38e3e8dEb459Af2194","arbitrum-sepolia"
"00184NAB3","TRICORBRAUN 3/21 COV-LITE TL","0x71eba3f2b45E72D52eed76A8B7D0026F8410F452","arbitrum-sepolia"
"12656AAF6","1-800 CONTACTS 1/25 COV-LITE TL","0x2FC0Cce925A395aC3fC949AAb8B08c4C4b433e9e","arbitrum-sepolia"
"29001QAC4","ELMW1 2019-1A SUB","0x5dF92C39467567304b83BdD0475b253De12D4564","arbitrum-sepolia"
"08182AAG5","BSP 2019-17A ER2","0x572566e6B260564b2438B7f15Dd718E18DF74Bcd","arbitrum-sepolia"
"04686RAB9","ATHENAHEALTH GROUP INC. TLB 1L","0x2431FEC757c3Dc82D9b313d76FE4C18678b69684","arbitrum-sepolia"
"55909UAG4","MAGENTA BUYER LLC (MCAFEE) THIRD OUT TL (8/15/24)","0xE5d6c565EE477efaF4b6E49C7d36Da90110581E8","arbitrum-sepolia"
"43284MAA6","HILTON GRAND VAC HGVLLC 5 06/01/29","0x933B3787bD45447A5668b2f4EfC423145634651A","arbitrum-sepolia"
"75915TAK8","REGIONALCARE/LIFEPOINT HEALTH 9/24 TLB","0x868F8F86f801AC6FF1e85EcaB465f5c0D5DEaAb5","arbitrum-sepolia"
"22971EAB4","CUBE INDUSTRIALS/CIRCOR 10/24 TLB","0x4258F589E2C33Bb7b269a29801B657448bAeE096","arbitrum-sepolia"
"74339NAG1","AUTODATA/JD POWER 7/24 TL","0xd84D395b3aDddDc0385d6D1d3F5726B2a5966214","arbitrum-sepolia"
"08179JAB2","BSP 2017-12A SUB","0x451b6cb8ED7338A0a48fD9193050Fb135E8c4ceC","arbitrum-sepolia"
"04016KAC3","ARES 2016-41A SUB","0xd2fCf8590790c98cd3B352F73460eFbE87dD58aF","arbitrum-sepolia"
"91544BAC1","UPLAND SOFTWARE TL","0xAEc1EcE2a26b654fBFBa7acfd4EdCAF4091e5dAB","arbitrum-sepolia"
"04018GAC0","ARES 2021-59A SUB","0xFBA3d59E897E6D57648Fa59D5c8D5cBd79B0Fc41","arbitrum-sepolia"
"G4770MAN4","STYROLUTION/INEOS QUATTRO 10/24 TLB","0x6541347839A315d219c02Ba3B365daC7bbf41891","arbitrum-sepolia"
"38046JAB0","GOGO 4/21 TLB","0x6dF04eE3Db2D0F6f09Ef8e6e7E746C05474A2029","arbitrum-sepolia"
"05876AAC1","BALLY 2022-19A SUB","0xDCb60CCDC6Ef7afE8f95dD85aB9F8f4E7D145476","arbitrum-sepolia"
"08182EAC6","BSP 2015-6BR ER","0x214539caF222A173Cc9e2195c86a9b2013C41272","arbitrum-sepolia"
"03766JAC0","APID 2017-27A SUB","0x55B131C912FE3b3A7eC9b9b056cF1D789263315A","arbitrum-sepolia"
"08187AAE5","BSP 2021-25A ER","0x5B3C5cE17Ac716eB703022A335955b7Dd3471FFe","arbitrum-sepolia"
"78516EAD4","SABERT 6/24 TLB","0x29B4ab21b96BFd1DdDFD0D9cAd0c07d177cB0C14","arbitrum-sepolia"
"89778PAG2","TECTUM HOLDINGS/TRUCK HERO 1/21 COV-LITE TLB","0xF1756D114F67A8Fad8c12FAdBAB9C20de29C936F","arbitrum-sepolia"
"75888CAA0","REG19 2022-1A E","0x648Db7fd05A9bE096F3a98efbC127f14A1276cdA","arbitrum-sepolia"
"77366PAC4","ROCKP 2021-1A SUB","0x59AEE688d682773cECA55023480F1cAC4C9d2098","arbitrum-sepolia"
"02072UAC6","ALPHA GENERATION 9/24 COV-LITE TLB","0x97a2D5f2f5BBc0eA118E205045e17e3285E55082","arbitrum-sepolia"
"03836BAH2","ASCENSUS 12/24 COV-LITE TLB","0x68889F82f8a870517F091Bd7127fc7099A201cCA","arbitrum-sepolia"
"57906HAF4","MCAFEE 12/24 COV-LITE TLB","0x3C99d599E70e040bd59f4e074041bACF512e3327","arbitrum-sepolia"
"31556PAB3","FERTITTA ENTERTAINMENT, LLC TLB 1L","0xD348c85fA78EaB972A26de8511755edBDdf682Ca","arbitrum-sepolia"
"55759VAD0","MADISON IAQ/MADISON AIR 3/25 COV-LITE INCR TLB","0xB8CDd571316239B6f63Ad0ABbeCf416f84446225","arbitrum-sepolia"
"12554YAA8","CIFC 2019-5A INC","0xf755cFd4605dF600A384c955534d2E6831df37fb","arbitrum-sepolia"
"12509YAE6","HUNTER HOLDCO 3 LIMITED, TLB","0x15Eec05360600ce6345B6569e47275753b007A57","arbitrum-sepolia"
"67110BAC5","OAKC 2015-12A SUB","0x4feD8B11e034Dbfcb7112A0B5C64342fC97D644B","arbitrum-sepolia"
"67389EAE9","OAKCL 2023-1A ER","0x83c89CeFeb540E8932CBb536D9B3090a29a7D45c","arbitrum-sepolia"
"037977AA3","APID 2023-45A E","0xC50Fc8b3c368fED75E189F29cd34450506b9Ec79","arbitrum-sepolia"
"93369PAM6","ABRA AUTO BODY/CALIBER COLLISION 1/25 COV-LITE TLB","0x295a6df16993a8E59458BeD096BB622b12c8eb83","arbitrum-sepolia"
"12021GAF1","BAY CLUB 12/24 COV-LITE TL","0xfBD5CF0CDDFE5B518bfD09DD7A198Cd41484570d","arbitrum-sepolia"
"03218AAE9","AMSPEC PARENT 6/25 COV-LITE TL","0x8Dd0873543bE7FcF514358F6e2813790AC2adC6A","arbitrum-sepolia"
"30339HAD3","FNZ GROUP 11/24 (USD) TLB","0x9fC9f92993Faaf2ee1Eb065cFB4Af32fb0c19849","arbitrum-sepolia"
"33818XAM2","LA FITNESS 1/24 TLB","0x19FEF5C7022211C0959140cC32c93641D77885d6","arbitrum-sepolia"
"39954EAC7","GROUNDWORKS 3/24 DELAYED TL","0x38Ab55ff7ebCe534aE205167449E1523cCD43C6B","arbitrum-sepolia"
"23344MAK4","CONVERGINT 9/24 DELAYED TL","0x5F6a06c23cee7a56c2B19916D11D3940Dd70337e","arbitrum-sepolia"
"50219UAB1","LTR INTERMEDIATE HOLDINGS, INC. TLB","0xCFB542F35710A63050B76AD5b9Ca36C618562074","arbitrum-sepolia"
"14317WAC2","CGMS 2019-4A SUBA","0x26D7a0D3561219EdBd9E399BfCA563d51071c46d","arbitrum-sepolia"
"04649VBE9","ASURION 6/25 B13 TLB","0xF2f166b6729977a54D2527555b1683cF2D06FCFE","arbitrum-sepolia"
"N2820EAM0","EURO GARAGES/EG GROUP 12/24 TLB","0x390E826Fea06a95341eD2Ed5E6e9aAdB627A72Fd","arbitrum-sepolia"
"48662MAA7","RAD 2021-10A E","0xB7e057D1a6C79ccF765de71dd7fb0035EAFaCD9e","arbitrum-sepolia"
"18972FAF9","HILEX POLY/NOVOLEX 3/25 TL","0xE7F6cD128eD146DAE25516C4E99077dd80f1fBB0","arbitrum-sepolia"
"640982AE4","NEUB 2024-55A SUB","0xc3DEe757ceFa15AD3685Ef7bA776a00E623a935E","arbitrum-sepolia"
"67112QAB2","OCP 2018-15A SUB","0x2186ceA815bdD5A47524F77682AaefAe27aC970e","arbitrum-sepolia"
"14316UAC7","CGMS 2021-4A SUB","0x9fe5199103E707Cabebf3c75bf8BeAaD5916312d","arbitrum-sepolia"
"03306UAH1","ANCHOR PACKAGING 12/24 COV-LITE TLB","0xcd201a653fe8247De5783Be4918Fb5F97FDE6De0","arbitrum-sepolia"
"G4768PAS0","INEOS 12/24 (USD) COV-LITE TLB","0x00fd2643d691467d22eb5ea6750c76F7a24c7609","arbitrum-sepolia"
"67401WAC7","OAKCL 2022-3A SUB","0x2C614E24129e38be8ec0864e8C9188C0d70501b0","arbitrum-sepolia"
"64135LAC1","NEUB 2023-53A SUB","0x97ed42C07D5E35DcF615ED467507A479032b415A","arbitrum-sepolia"
"04225VAH5","EQUINITI GROUP 3/25 ADD-ON TL","0xec6b69Be1997F6bDDc0168cbaDF056F64e6E5653","arbitrum-sepolia"
"262485AC9","DRSLF 2021-95A SUB","0xe467d37817db06558C81F775a9Caf0AbFd9B5049","arbitrum-sepolia"
"640985AA5","NEUB 2025-61A E","0x40b07909c15E348cdF76925e407589fB46c83bcC","arbitrum-sepolia"
"N9000DAK3","SUNRISE FINANCING 1/25 AAA TLB","0x04DceC24c9D27d0f1DCD87565Be5D3a9b11B219B","arbitrum-sepolia"
"12570BAA8","CIFC 2022-1A E","0x8018F4C7353bc7f60700BB15d9048ba3BAF9596B","arbitrum-sepolia"
"00901GAC8","AIMCO 2021-16A SUB","0xB57F9802A04Ac17352d52cC4b18b6EF018d79DA6","arbitrum-sepolia"
"04649VBA7","ASSURION, LLC TLB4 2L","0xf4431e1Fba3628eC64d07AD57cA1C97c94d89dCB","arbitrum-sepolia"
"48354VAM4","KAMAN/RUBY/ARXIS 1/25 COV-LITE TLB","0x38F06563f9B068ad134982d855C813AFB2aCDee6","arbitrum-sepolia"
"64072UAM4","CABLEVISION SYSTEMS/ALTICE USA 12/22 B6 TLB","0x4676208fb6a688c75a91e7Aea7eE70Bec5921aEA","arbitrum-sepolia"
"758973AC5","REG27 2024-1A SUB","0xEC1B303476ba382473Ba3bFA9A999665C5F9133b","arbitrum-sepolia"
"96350TAH3","WHITE CAP 6/24 TLB","0x75deAB694CBD92c7a7044AB105D700F6dcE450f6","arbitrum-sepolia"
"98625VAC4","GNRT 3A SUB","0x37BE6f34853A4Df5e45582C2e7be6F344cEFa840","arbitrum-sepolia"
"37147WAC9","GNRT 2023-12A SUB","0x2C81dF7529EDD58bab35290d8b262778a5074E26","arbitrum-sepolia"
"00166DAC5","ALM 2020-1A SUB","0xbd2e8A68151d3b9cD12C4A22fB9193f4cB24162c","arbitrum-sepolia"
"81880YAG5","SHACK 2019-14A ER","0x6Cc7F5299B0eafe370ad17a98289758C6fCE6f08","arbitrum-sepolia"
"42778EAG6","HERSCHEND/HARLEM 5/25 COV-LITE TLB","0x031299525b1994B9b2841cE868dc1328e3b4204F","arbitrum-sepolia"
"77669LAK9","ROPER TECHNOLOGIES/INDICOR 12/24 (USD) COV-LITE TL","0xEfb85fd2DBc1797a48d328d5a5A0C048E289E88d","arbitrum-sepolia"
"83783XAE6","SOUTH FIELD ENERGY 2/25 TLC","0xff51A175E77B05d673dB8BF2Ac9B159550e1B9b5","arbitrum-sepolia"
"67401WAE3","OAKCL 2022-3A ER","0xE2e2586113932E3eb8740bFc3618f307E18b7393","arbitrum-sepolia"
"00507JAF3","ACTION ENVIRO/INTERSTATE WASTE SV 9/23 COV-LITE TL","0x1aE888d56080594b31AA6762dAe4ADDdf043F83A","arbitrum-sepolia"
"23833EAY0","DAVE & BUSTER'S 9/24 TLB","0x88D8B86152DbBaB6A09f4B0d1D960EF9e3CeD6d9","arbitrum-sepolia"
"00132UAP9","CULLIGAN 12/24 TLB","0xbA7a2a9d89A696A41CeC4871Fc5511623242C651","arbitrum-sepolia"
"72431HAD2","CORNERSTONE BUILDING BRANDS, INC. TLB","0x3cC3513c66757c6A2D2c02c3075814AcB804d0aD","arbitrum-sepolia"
"23344UAF7","DRAKE SOFTWARE/TAXWELL 6/24 TLB","0xbfE095D2b0A71429003EdEF17c24C4a3f68aDb2B","arbitrum-sepolia"
"74970AAB4","RLG HOLDINGS, INC. TL 1L","0xF415c73c05f6d5cfCf4b8bD5B0DE6a37d34bbD7f","arbitrum-sepolia"
"02376CBT1","AMR 5/25 TLB","0x3b697F7756c0380a5276c92032e766d4F08Dbfc9","arbitrum-sepolia"
"12556CAE6","CIFC 2019-6A ER","0xEd644D31666f9066510cA2E3C13Dd519bAE9E2F5","arbitrum-sepolia"
"12552BAE2","CIFC 2018-3A SUB","0xb915922668E61C28347d96Bb1E1654E3775c0A0b","arbitrum-sepolia"
"03328UAJ1","ANCHC 2015-7A SUBA","0x75Cc0bc83E4DB7DFE5Df2c8795Cb2E4e83CfC373","arbitrum-sepolia"
"04649VAY6","ASURION, LLC TL","0x6A70c455786Ac4FB502e5Bb5A09923046b525E30","arbitrum-sepolia"
"67113NAE2","OAKC 2020-5A ER","0x9F92650028d3F3781E7eCfb327914bdE9cF9FE42","arbitrum-sepolia"
"55909UAF6","MAGENTA BUYER LLC (MCAFEE) SECOND OUT TL (8/15/24)","0xcEd9834402B2C9A26923b5000bDE694691bcF239","arbitrum-sepolia"
"68277FAN9","ACHILLES/ONEDIGITAL HEALTH 1/25 TL","0x10093ca4d01CA67A99a12BAd50b01cf79Fd8e2Ee","arbitrum-sepolia"
"62482BAA0","MEDLINE BORROWER MEDIND 3 7/8 04/01/29","0x99ec63d340821aB81c325d19EfE72A582ae6185d","arbitrum-sepolia"
"12567YAA3","CIFC 2022-4A INC","0x9a17a7f3F40303e13CCae01ef3f5D8e76049d2Af","arbitrum-sepolia"
"39954EAB9","GROUNDWORKS 3/24 COV-LITE TL","0xA2e50eFd2FA03F4AEaBC0F36B7f510a7ACacff21","arbitrum-sepolia"
"78470DAV0","SPX FLOW 12/24 COV-LITE TLB","0xf7A1C4155d97F6D4e5B34100a66557D659A5cBd1","arbitrum-sepolia"
"89778PAH0","TECTUM HOLDINGS/TRUCK HERO 9/23 INCREMENTAL TL","0xDD3Bf754D9401Dcbff445BfdFf7CB9309713F897","arbitrum-sepolia"
"18915FAJ1","CLVR 2021-3A ER","0x4eBFa08519449Ec56432589fC71539283eC3Eeaf","arbitrum-sepolia"
"55819UAC2","MDPK 2016-20A SUB","0x66C4119F0000B5f199265474e850c23Ef848E57d","arbitrum-sepolia"
"14318HAC4","CGMS 2023-2A SUB","0xfB116aC734562ad13ea72Dde91c0e5a837a0e2f6","arbitrum-sepolia"
"38821UAF7","GRANT THORNTON 5/25 INCREMENTAL COV-LITE TLB","0xCfc1E787E5B26CDcF1Ca63CAae07Bf0B9DcFbC94","arbitrum-sepolia"
"78571YBH2","SABRE GLBL INC.TLB 1L","0x0DC66041101031920c209d44CCdDE1AFa9b4d550","arbitrum-sepolia"
"L9901EAG2","UFINET/ZACAPA 10/24 TL","0xd612887F50bB61d986F71927e26b8fAE25b682ba","arbitrum-sepolia"
"89788VAE2","TRUIST INSURANCE 5/24 2ND LIEN TL","0x53a593aEd16cfd7c0398F95009Ca261381AcA0E1","arbitrum-sepolia"
"74345HAG6","PROOFPOINT 5/24 TL","0x8d09Cd6FF41c004903bAFC857A924Ba30D484568","arbitrum-sepolia"
"03331QAE6","ANCHC 2021-20A SUB","0xb563c16E7dfBF537068856E7B4048c7391894258","arbitrum-sepolia"
"69381MAB1","GEN II FUND SERVICES 11/24 TLB","0xD264c0e70316b0ee4f76B444a5d2e7D60F2d3929","arbitrum-sepolia"
"412914AC7","HPPK 2024-1A SUB","0xc6A264c684220e48297Cd49B713071A12b938083","arbitrum-sepolia"
"74345HAJ0","PROOFPOINT 6/25 ADD-ON TL","0x803aF860061F3788aF8d61CC1F8A477e9068a1A9","arbitrum-sepolia"
"02154CAH6","ALTICE FINANCING ALTICE 5 3/4 08/15/29","0xce21294AB1388C393b8B79b6Bf6909910a13d2BB","arbitrum-sepolia"
"75888CAE2","REG19 2022-1A SUB","0xa94879c98210CC86179b0012524E6Bc4e2E5367e","arbitrum-sepolia"
"03770XAE9","APID 2024-48A SUB","0xB2287eA6eBC9dC0a6074035d88B070F6aE59afce","arbitrum-sepolia"
"67080QAC8","NYKPK 2021-1A SUB","0xA46859E656228f4566d8c028eC5054B040bBfc14","arbitrum-sepolia"
"12547KAA8","CIFC 2020-2A INC","0x058F1B0f53CBb33Ca89d2873f845C7443cEE6E64","arbitrum-sepolia"
"22304EAC0","CORGI BIDCO, INC. TL 1L","0x4bA77279deF8a7a5EDf365F762f650e2AF4a41fE","arbitrum-sepolia"
"12548NAQ6","CIFC 2015-1A ERR","0x4c19499af41eD82357265EFc1227218afa96d897","arbitrum-sepolia"
"G4770MAL8","STYROLUTION/INEOS QUATTRO 11/23 COV-LITE TLB","0x58be604Cf9709BE9a30AeaD7Ee1F1A77c7DF41d9","arbitrum-sepolia"
"55821WAA8","MDPK 2021-48A E","0x17A8974e0F04f09fdDD6044de31525d696b24C16","arbitrum-sepolia"
"98932TAH6","ZELIS/REDCARD 10/24 TLB","0x6A8310178235e5534DE37863B32749f75bcE5317","arbitrum-sepolia"
"389286AA3","GRAY MEDIA GTN 5 3/8 11/15/31","0xb92f75cA79178CC14Da7a1cE48D93c2E8075964D","arbitrum-sepolia"
"29280UAD5","ENDO PHARMACEUTICALS 10/24 TLB","0xE8cEfB2BA97305d5718a3a02c3A50b06Bc65d863","arbitrum-sepolia"
"64135YAA7","NEUB 2024-57A E","0x6576c85420499e0787d09DB37392dE2452744636","arbitrum-sepolia"
"03331LAJ6","ANCHC 2021-21A ER","0x793354c414C2a011665a73aB7d9A5F03262BbCBf","arbitrum-sepolia"
"18948TAF0","CLUBCORP HOLDINGS 10/23 COV-LITE TLB2","0x5b68Af188ecfA68C7580fC48bEd44366bc5924DC","arbitrum-sepolia"
"89364MCA0","TRANSDIGM, INC. 11/23 TLJ","0x0C9d585CeaFe217104c3A38710072EFCC857E165","arbitrum-sepolia"
"F6628DAN4","ALTICE FRANCE S.A., TL","0xf6Edc88E518dbD40F42c6AE10D1d70FA882D0d63","arbitrum-sepolia"
"08181RAE4","BSP 2022-28A ER","0x929C356DC9e36cffc3D3781c60B38Fb5CB042CAF","arbitrum-sepolia"
"48578AAB4","KASEYA 3/25 COV-LITE TL","0xF20a585b9b9BC4e12b51492898DCC81b0a38e942","arbitrum-sepolia"
"855031AU4","STAPLES 5/24 COV-LITE TLB","0xB08D8fbFC10fd160ABfa4F7DD8D097bae786a474","arbitrum-sepolia"
"10524MAS6","BRAND ENERGY/BRANDSAFWAY 4/24 TLB","0x037C50a773f4f91D97E5dEBb3860E7a25F4115a8","arbitrum-sepolia"